timestamp,multiplier,bet_placed,stake,cashout_time,profit_loss,prediction,confidence,range,source
2025-10-17T00:20:03.163131,1.84,False,0,0,0,0,0,unknown,manual_input
2025-10-17T00:20:03.163131,1.41,False,0,0,0,0,0,unknown,manual_input
2025-10-17T00:20:03.163131,1.11,False,0,0,0,0,0,unknown,manual_input
2025-10-17T00:20:03.163131,6.28,False,0,0,0,0,0,unknown,manual_input
2025-10-17T00:20:03.163131,1.09,False,0,0,0,0,0,unknown,manual_input
2025-10-17T00:20:03.163131,1.08,False,0,0,0,0,0,unknown,manual_input
2025-10-17T00:20:03.163131,2.22,False,0,0,0,0,0,unknown,manual_input
2025-10-17T00:20:03.163131,2.07,False,0,0,0,0,0,unknown,manual_input
2025-10-17T00:20:03.163131,2.61,False,0,0,0,0,0,unknown,manual_input
2025-10-17T00:20:03.163131,2.12,False,0,0,0,0,0,unknown,manual_input
2025-10-17T00:20:03.163131,6.91,False,0,0,0,0,0,unknown,manual_input
2025-10-17T00:20:03.163131,1.86,False,0,0,0,0,0,unknown,manual_input
2025-10-17T00:20:03.163131,13.41,False,0,0,0,0,0,unknown,manual_input
2025-10-17T00:20:03.163131,1.37,False,0,0,0,0,0,unknown,manual_input
2025-10-17T00:20:03.163131,2.39,False,0,0,0,0,0,unknown,manual_input
2025-10-17T00:20:03.163131,3.91,False,0,0,0,0,0,unknown,manual_input
2025-10-17T00:20:03.163131,5.09,False,0,0,0,0,0,unknown,manual_input
2025-10-17T00:20:03.163131,1.31,False,0,0,0,0,0,unknown,manual_input
2025-10-17T00:20:03.163131,1.13,False,0,0,0,0,0,unknown,manual_input
2025-10-17T00:20:03.163131,6.14,False,0,0,0,0,0,unknown,manual_input
2025-10-17T00:20:03.163131,3.65,False,0,0,0,0,0,unknown,manual_input
2025-10-17T00:20:03.163131,1.99,False,0,0,0,0,0,unknown,manual_input
2025-10-17T00:20:03.163131,1.09,False,0,0,0,0,0,unknown,manual_input
2025-10-17T00:20:03.163131,2.57,False,0,0,0,0,0,unknown,manual_input
2025-10-17T00:20:03.163131,1.06,False,0,0,0,0,0,unknown,manual_input
2025-10-17T00:20:03.163131,1.65,False,0,0,0,0,0,unknown,manual_input
2025-10-17T00:20:03.163131,1.07,False,0,0,0,0,0,unknown,manual_input
2025-10-17T00:20:03.163131,8.38,False,0,0,0,0,0,unknown,manual_input
2025-10-17T00:20:03.163131,1.62,False,0,0,0,0,0,unknown,manual_input
2025-10-17T00:20:03.163131,5.85,False,0,0,0,0,0,unknown,manual_input
2025-10-17T00:20:03.163131,1.92,False,0,0,0,0,0,unknown,manual_input
2025-10-17T00:20:03.163131,1.07,False,0,0,0,0,0,unknown,manual_input
2025-10-17T00:20:03.163131,1.05,False,0,0,0,0,0,unknown,manual_input
2025-10-17T00:20:03.163131,1.31,False,0,0,0,0,0,unknown,manual_input
2025-10-17T00:20:03.163131,1.18,False,0,0,0,0,0,unknown,manual_input
2025-10-17T00:20:03.163131,6.17,False,0,0,0,0,0,unknown,manual_input
2025-10-17T00:20:03.163131,91.43,False,0,0,0,0,0,unknown,manual_input
2025-10-17T00:20:03.163131,1.51,False,0,0,0,0,0,unknown,manual_input
2025-10-17T00:20:03.163131,2.69,False,0,0,0,0,0,unknown,manual_input
2025-10-17T00:20:03.163131,1.66,False,0,0,0,0,0,unknown,manual_input
2025-10-17T00:20:03.163131,9.61,False,0,0,0,0,0,unknown,manual_input
2025-10-17T00:20:03.163131,1.21,False,0,0,0,0,0,unknown,manual_input
2025-10-17T00:20:03.163131,1.2,False,0,0,0,0,0,unknown,manual_input
2025-10-17T00:20:03.163131,1.54,False,0,0,0,0,0,unknown,manual_input
2025-10-17T00:20:03.163131,1.48,False,0,0,0,0,0,unknown,manual_input
2025-10-17T00:20:03.163131,1.91,False,0,0,0,0,0,unknown,manual_input
2025-10-17T00:20:03.163131,1.3,False,0,0,0,0,0,unknown,manual_input
2025-10-17T00:20:03.163131,2.68,False,0,0,0,0,0,unknown,manual_input
2025-10-17T00:20:03.163131,4.57,False,0,0,0,0,0,unknown,manual_input
2025-10-17T00:20:03.163131,4.48,False,0,0,0,0,0,unknown,manual_input
2025-10-17T00:20:03.163131,1.13,False,0,0,0,0,0,unknown,manual_input
2025-10-17T00:20:03.163131,2.11,False,0,0,0,0,0,unknown,manual_input
2025-10-17T00:20:03.163131,1.02,False,0,0,0,0,0,unknown,manual_input
2025-10-17T00:20:03.163131,3.09,False,0,0,0,0,0,unknown,manual_input
2025-10-17T00:20:03.163131,7.26,False,0,0,0,0,0,unknown,manual_input
2025-10-17T00:20:03.163131,1.35,False,0,0,0,0,0,unknown,manual_input
2025-10-17T00:20:03.163131,1.85,False,0,0,0,0,0,unknown,manual_input
2025-10-17T00:20:03.163131,1.43,False,0,0,0,0,0,unknown,manual_input
2025-10-17T00:20:03.163131,1.34,False,0,0,0,0,0,unknown,manual_input
2025-10-17T00:20:03.163131,5.7,False,0,0,0,0,0,unknown,manual_input
2025-10-17T00:20:03.163131,1.0,False,0,0,0,0,0,unknown,manual_input
2025-10-17T00:20:03.163131,1.81,False,0,0,0,0,0,unknown,manual_input
2025-10-17T00:20:03.163131,1.68,False,0,0,0,0,0,unknown,manual_input
2025-10-17T00:20:03.163131,2.64,False,0,0,0,0,0,unknown,manual_input
2025-10-17T00:20:03.163131,4.46,False,0,0,0,0,0,unknown,manual_input
2025-10-17T00:20:03.163131,1.47,False,0,0,0,0,0,unknown,manual_input
2025-10-17T00:20:03.163131,1.53,False,0,0,0,0,0,unknown,manual_input
2025-10-17T00:20:03.163131,1.44,False,0,0,0,0,0,unknown,manual_input
2025-10-17T00:20:03.163131,1.31,False,0,0,0,0,0,unknown,manual_input
2025-10-17T00:20:03.163131,3.88,False,0,0,0,0,0,unknown,manual_input
2025-10-17T00:20:03.163131,4.09,False,0,0,0,0,0,unknown,manual_input
2025-10-17T00:20:03.163131,1.13,False,0,0,0,0,0,unknown,manual_input
2025-10-17T00:20:03.163131,4.47,False,0,0,0,0,0,unknown,manual_input
2025-10-17T00:20:03.163131,3.37,False,0,0,0,0,0,unknown,manual_input
2025-10-17T00:20:03.163131,1.57,False,0,0,0,0,0,unknown,manual_input
2025-10-17T00:20:03.163131,3.81,False,0,0,0,0,0,unknown,manual_input
2025-10-17T00:20:03.163131,7.26,False,0,0,0,0,0,unknown,manual_input
2025-10-17T00:20:03.163131,5.59,False,0,0,0,0,0,unknown,manual_input
2025-10-17T00:20:03.163131,4.36,False,0,0,0,0,0,unknown,manual_input
2025-10-17T00:20:03.163131,1.51,False,0,0,0,0,0,unknown,manual_input
2025-10-17T00:20:03.163131,2.48,False,0,0,0,0,0,unknown,manual_input
2025-10-17T00:20:03.163131,1.3,False,0,0,0,0,0,unknown,manual_input
2025-10-17T00:20:03.163131,3.74,False,0,0,0,0,0,unknown,manual_input
2025-10-17T00:20:03.163131,1.26,False,0,0,0,0,0,unknown,manual_input
2025-10-17T00:20:03.163131,3.76,False,0,0,0,0,0,unknown,manual_input
2025-10-17T00:20:03.163131,1.05,False,0,0,0,0,0,unknown,manual_input
2025-10-17T00:20:03.163131,1.73,False,0,0,0,0,0,unknown,manual_input
2025-10-17T00:20:03.163131,1.49,False,0,0,0,0,0,unknown,manual_input
2025-10-17T00:20:03.163131,2.76,False,0,0,0,0,0,unknown,manual_input
2025-10-17T00:20:03.163131,3.28,False,0,0,0,0,0,unknown,manual_input
2025-10-17T00:20:03.163131,1.14,False,0,0,0,0,0,unknown,manual_input
2025-10-17T00:20:03.163131,1.41,False,0,0,0,0,0,unknown,manual_input
2025-10-17T00:20:03.163131,702.77,False,0,0,0,0,0,unknown,manual_input
2025-10-17T00:20:03.163131,1.64,False,0,0,0,0,0,unknown,manual_input
2025-10-17T00:20:03.163131,1.0,False,0,0,0,0,0,unknown,manual_input
2025-10-17T00:20:03.163131,2.54,False,0,0,0,0,0,unknown,manual_input
2025-10-17T00:20:03.163131,10.74,False,0,0,0,0,0,unknown,manual_input
2025-10-17T00:20:03.163131,1.29,False,0,0,0,0,0,unknown,manual_input
2025-10-17T00:20:03.163131,1.54,False,0,0,0,0,0,unknown,manual_input
2025-10-17T00:20:03.163131,1.12,False,0,0,0,0,0,unknown,manual_input
2025-10-17T00:20:03.163131,1.68,False,0,0,0,0,0,unknown,manual_input
2025-10-17T00:20:03.163131,1.23,False,0,0,0,0,0,unknown,manual_input
2025-10-17T00:20:03.163131,5.6,False,0,0,0,0,0,unknown,manual_input
2025-10-17T00:20:03.163131,4.16,False,0,0,0,0,0,unknown,manual_input
2025-10-17T00:20:03.163131,3.93,False,0,0,0,0,0,unknown,manual_input
2025-10-17T00:20:03.163131,1.02,False,0,0,0,0,0,unknown,manual_input
2025-10-17T00:20:03.163131,10.7,False,0,0,0,0,0,unknown,manual_input
2025-10-17T00:20:03.163131,3.28,False,0,0,0,0,0,unknown,manual_input
2025-10-17T00:20:03.163131,1.14,False,0,0,0,0,0,unknown,manual_input
2025-10-17T00:20:03.163131,1.42,False,0,0,0,0,0,unknown,manual_input
2025-10-17T00:20:03.163131,32.79,False,0,0,0,0,0,unknown,manual_input
2025-10-17T00:20:03.163131,1.8,False,0,0,0,0,0,unknown,manual_input
2025-10-17T00:20:03.163131,2.1,False,0,0,0,0,0,unknown,manual_input
2025-10-17T00:20:03.163131,1.7,False,0,0,0,0,0,unknown,manual_input
2025-10-17T00:20:03.163131,4.52,False,0,0,0,0,0,unknown,manual_input
2025-10-17T00:20:03.163131,1.06,False,0,0,0,0,0,unknown,manual_input
2025-10-17T00:20:03.163131,1.46,False,0,0,0,0,0,unknown,manual_input
2025-10-17T00:20:03.163131,1.59,False,0,0,0,0,0,unknown,manual_input
2025-10-17T00:20:03.163131,38.98,False,0,0,0,0,0,unknown,manual_input
2025-10-17T00:20:03.163131,1.75,False,0,0,0,0,0,unknown,manual_input
2025-10-17T00:20:03.163131,4.36,False,0,0,0,0,0,unknown,manual_input
2025-10-17T00:20:03.163131,1.24,False,0,0,0,0,0,unknown,manual_input
2025-10-17T00:20:03.163131,1.13,False,0,0,0,0,0,unknown,manual_input
2025-10-17T00:20:03.163131,1.3,False,0,0,0,0,0,unknown,manual_input
2025-10-17T00:29:58.223843,1.09,False,0,0,0,0,0,unknown,manual_input
2025-10-17T00:29:58.223843,1.04,False,0,0,0,0,0,unknown,manual_input
2025-10-17T00:29:58.223843,1.73,False,0,0,0,0,0,unknown,manual_input
2025-10-17T00:29:58.223843,1.8,False,0,0,0,0,0,unknown,manual_input
2025-10-17T00:29:58.223843,1.07,False,0,0,0,0,0,unknown,manual_input
2025-10-17T00:29:58.223843,1.86,False,0,0,0,0,0,unknown,manual_input
2025-10-17T00:29:58.223843,1.93,False,0,0,0,0,0,unknown,manual_input
2025-10-17T00:29:58.223843,4.97,False,0,0,0,0,0,unknown,manual_input
2025-10-17T00:29:58.223843,122.52,False,0,0,0,0,0,unknown,manual_input
2025-10-17T00:29:58.223843,1.61,False,0,0,0,0,0,unknown,manual_input
2025-10-17T00:29:58.223843,1.41,False,0,0,0,0,0,unknown,manual_input
2025-10-17T00:29:58.223843,2.35,False,0,0,0,0,0,unknown,manual_input
2025-10-17T00:29:58.223843,1.43,False,0,0,0,0,0,unknown,manual_input
2025-10-17T00:29:58.223843,4.1,False,0,0,0,0,0,unknown,manual_input
2025-10-17T00:29:58.223843,1.38,False,0,0,0,0,0,unknown,manual_input
2025-10-17T00:29:58.223843,14.0,False,0,0,0,0,0,unknown,manual_input
2025-10-17T00:29:58.223843,1.66,False,0,0,0,0,0,unknown,manual_input
2025-10-17T00:29:58.223843,2.41,False,0,0,0,0,0,unknown,manual_input
2025-10-17T00:29:58.223843,1.52,False,0,0,0,0,0,unknown,manual_input
2025-10-17T00:29:58.223843,1.26,False,0,0,0,0,0,unknown,manual_input
2025-10-17T00:29:58.223843,1.3,False,0,0,0,0,0,unknown,manual_input
2025-10-17T00:29:58.223843,1.0,False,0,0,0,0,0,unknown,manual_input
2025-10-17T00:29:58.223843,1.83,False,0,0,0,0,0,unknown,manual_input
2025-10-17T00:29:58.223843,1.5,False,0,0,0,0,0,unknown,manual_input
2025-10-17T00:29:58.223843,2.17,False,0,0,0,0,0,unknown,manual_input
2025-10-17T00:29:58.223843,1.17,False,0,0,0,0,0,unknown,manual_input
2025-10-17T00:29:58.223843,5.36,False,0,0,0,0,0,unknown,manual_input
2025-10-17T00:29:58.223843,1.84,False,0,0,0,0,0,unknown,manual_input
2025-10-17T00:29:58.223843,1.41,False,0,0,0,0,0,unknown,manual_input
2025-10-17T00:29:58.223843,1.11,False,0,0,0,0,0,unknown,manual_input
2025-10-17T00:29:58.223843,6.28,False,0,0,0,0,0,unknown,manual_input
2025-10-17T00:29:58.223843,1.09,False,0,0,0,0,0,unknown,manual_input
2025-10-17T00:29:58.223843,1.08,False,0,0,0,0,0,unknown,manual_input
2025-10-17T00:29:58.223843,2.22,False,0,0,0,0,0,unknown,manual_input
2025-10-17T00:29:58.223843,2.07,False,0,0,0,0,0,unknown,manual_input
2025-10-17T00:29:58.223843,2.61,False,0,0,0,0,0,unknown,manual_input
2025-10-17T00:29:58.223843,2.12,False,0,0,0,0,0,unknown,manual_input
2025-10-17T00:29:58.223843,6.91,False,0,0,0,0,0,unknown,manual_input
2025-10-17T00:29:58.223843,1.86,False,0,0,0,0,0,unknown,manual_input
2025-10-17T00:29:58.223843,13.41,False,0,0,0,0,0,unknown,manual_input
2025-10-17T00:29:58.223843,1.37,False,0,0,0,0,0,unknown,manual_input
2025-10-17T00:29:58.223843,2.39,False,0,0,0,0,0,unknown,manual_input
2025-10-17T00:29:58.223843,3.91,False,0,0,0,0,0,unknown,manual_input
2025-10-17T00:29:58.223843,5.09,False,0,0,0,0,0,unknown,manual_input
2025-10-17T00:29:58.223843,1.31,False,0,0,0,0,0,unknown,manual_input
2025-10-17T00:29:58.223843,1.13,False,0,0,0,0,0,unknown,manual_input
2025-10-17T00:29:58.223843,6.14,False,0,0,0,0,0,unknown,manual_input
2025-10-17T00:29:58.223843,3.65,False,0,0,0,0,0,unknown,manual_input
2025-10-17T00:29:58.223843,1.99,False,0,0,0,0,0,unknown,manual_input
2025-10-17T00:29:58.223843,1.09,False,0,0,0,0,0,unknown,manual_input
2025-10-17T00:29:58.223843,2.57,False,0,0,0,0,0,unknown,manual_input
2025-10-17T00:29:58.223843,1.06,False,0,0,0,0,0,unknown,manual_input
2025-10-17T00:29:58.223843,1.65,False,0,0,0,0,0,unknown,manual_input
2025-10-17T00:29:58.223843,1.07,False,0,0,0,0,0,unknown,manual_input
2025-10-17T00:29:58.223843,8.38,False,0,0,0,0,0,unknown,manual_input
2025-10-17T00:29:58.223843,1.62,False,0,0,0,0,0,unknown,manual_input
2025-10-17T00:29:58.223843,5.85,False,0,0,0,0,0,unknown,manual_input
2025-10-17T00:29:58.223843,1.92,False,0,0,0,0,0,unknown,manual_input
2025-10-17T00:29:58.223843,1.07,False,0,0,0,0,0,unknown,manual_input
2025-10-17T00:29:58.223843,1.05,False,0,0,0,0,0,unknown,manual_input
2025-10-17T00:29:58.223843,1.31,False,0,0,0,0,0,unknown,manual_input
2025-10-17T00:29:58.223843,1.18,False,0,0,0,0,0,unknown,manual_input
2025-10-17T00:29:58.223843,6.17,False,0,0,0,0,0,unknown,manual_input
2025-10-17T00:29:58.223843,91.43,False,0,0,0,0,0,unknown,manual_input
2025-10-17T00:29:58.223843,1.51,False,0,0,0,0,0,unknown,manual_input
2025-10-17T00:29:58.223843,2.69,False,0,0,0,0,0,unknown,manual_input
2025-10-17T00:29:58.223843,1.66,False,0,0,0,0,0,unknown,manual_input
2025-10-17T00:29:58.223843,9.61,False,0,0,0,0,0,unknown,manual_input
2025-10-17T00:29:58.223843,1.21,False,0,0,0,0,0,unknown,manual_input
2025-10-17T00:29:58.223843,1.2,False,0,0,0,0,0,unknown,manual_input
2025-10-17T00:29:58.223843,1.54,False,0,0,0,0,0,unknown,manual_input
2025-10-17T00:29:58.223843,1.48,False,0,0,0,0,0,unknown,manual_input
2025-10-17T00:29:58.223843,1.91,False,0,0,0,0,0,unknown,manual_input
2025-10-17T00:29:58.223843,1.3,False,0,0,0,0,0,unknown,manual_input
2025-10-17T00:29:58.223843,2.68,False,0,0,0,0,0,unknown,manual_input
2025-10-17T00:29:58.223843,4.57,False,0,0,0,0,0,unknown,manual_input
2025-10-17T00:29:58.223843,4.48,False,0,0,0,0,0,unknown,manual_input
2025-10-17T00:29:58.223843,1.13,False,0,0,0,0,0,unknown,manual_input
2025-10-17T00:29:58.223843,2.11,False,0,0,0,0,0,unknown,manual_input
2025-10-17T00:29:58.223843,1.02,False,0,0,0,0,0,unknown,manual_input
2025-10-17T00:29:58.223843,3.09,False,0,0,0,0,0,unknown,manual_input
2025-10-17T00:29:58.223843,7.26,False,0,0,0,0,0,unknown,manual_input
2025-10-17T00:29:58.223843,1.35,False,0,0,0,0,0,unknown,manual_input
2025-10-17T00:29:58.223843,1.85,False,0,0,0,0,0,unknown,manual_input
2025-10-17T00:29:58.223843,1.43,False,0,0,0,0,0,unknown,manual_input
2025-10-17T00:29:58.223843,1.34,False,0,0,0,0,0,unknown,manual_input
2025-10-17T00:29:58.223843,5.7,False,0,0,0,0,0,unknown,manual_input
2025-10-17T00:29:58.223843,1.0,False,0,0,0,0,0,unknown,manual_input
2025-10-17T00:29:58.223843,1.81,False,0,0,0,0,0,unknown,manual_input
2025-10-17T00:29:58.223843,1.68,False,0,0,0,0,0,unknown,manual_input
2025-10-17T00:29:58.223843,2.64,False,0,0,0,0,0,unknown,manual_input
2025-10-17T00:29:58.223843,4.46,False,0,0,0,0,0,unknown,manual_input
2025-10-17T00:29:58.223843,1.47,False,0,0,0,0,0,unknown,manual_input
2025-10-17T00:29:58.223843,1.53,False,0,0,0,0,0,unknown,manual_input
2025-10-17T00:29:58.223843,1.44,False,0,0,0,0,0,unknown,manual_input
2025-10-17T00:29:58.223843,1.31,False,0,0,0,0,0,unknown,manual_input
2025-10-17T00:29:58.223843,3.88,False,0,0,0,0,0,unknown,manual_input
2025-10-17T00:29:58.223843,4.09,False,0,0,0,0,0,unknown,manual_input
2025-10-17T00:29:58.223843,1.13,False,0,0,0,0,0,unknown,manual_input
2025-10-17T00:29:58.223843,4.47,False,0,0,0,0,0,unknown,manual_input
2025-10-17T00:29:58.223843,3.37,False,0,0,0,0,0,unknown,manual_input
2025-10-17T00:29:58.223843,1.57,False,0,0,0,0,0,unknown,manual_input
2025-10-17T00:29:58.223843,3.81,False,0,0,0,0,0,unknown,manual_input
2025-10-17T00:29:58.223843,7.26,False,0,0,0,0,0,unknown,manual_input
2025-10-17T00:29:58.223843,5.59,False,0,0,0,0,0,unknown,manual_input
2025-10-17T00:29:58.223843,4.36,False,0,0,0,0,0,unknown,manual_input
2025-10-17T00:29:58.223843,1.51,False,0,0,0,0,0,unknown,manual_input
2025-10-17T00:29:58.223843,2.48,False,0,0,0,0,0,unknown,manual_input
2025-10-17T00:29:58.223843,1.3,False,0,0,0,0,0,unknown,manual_input
2025-10-17T00:29:58.223843,3.74,False,0,0,0,0,0,unknown,manual_input
2025-10-17T00:29:58.223843,1.26,False,0,0,0,0,0,unknown,manual_input
2025-10-17T00:29:58.223843,3.76,False,0,0,0,0,0,unknown,manual_input
2025-10-17T00:29:58.223843,1.05,False,0,0,0,0,0,unknown,manual_input
2025-10-17T00:29:58.223843,1.73,False,0,0,0,0,0,unknown,manual_input
2025-10-17T00:29:58.223843,1.49,False,0,0,0,0,0,unknown,manual_input
2025-10-17T00:29:58.223843,2.76,False,0,0,0,0,0,unknown,manual_input
2025-10-17T00:29:58.223843,3.28,False,0,0,0,0,0,unknown,manual_input
2025-10-17T00:29:58.223843,1.14,False,0,0,0,0,0,unknown,manual_input
2025-10-17T00:29:58.223843,1.41,False,0,0,0,0,0,unknown,manual_input
2025-10-17T00:29:58.223843,702.77,False,0,0,0,0,0,unknown,manual_input
2025-10-17T00:29:58.223843,1.64,False,0,0,0,0,0,unknown,manual_input
2025-10-17T00:29:58.223843,1.0,False,0,0,0,0,0,unknown,manual_input
2025-10-17T00:29:58.223843,2.54,False,0,0,0,0,0,unknown,manual_input
2025-10-17T00:29:58.223843,10.74,False,0,0,0,0,0,unknown,manual_input
2025-10-17T00:29:58.223843,1.29,False,0,0,0,0,0,unknown,manual_input
2025-10-17T00:29:58.223843,1.54,False,0,0,0,0,0,unknown,manual_input
2025-10-17T00:29:58.223843,1.12,False,0,0,0,0,0,unknown,manual_input
2025-10-17T00:29:58.223843,1.68,False,0,0,0,0,0,unknown,manual_input
2025-10-17T00:29:58.223843,1.23,False,0,0,0,0,0,unknown,manual_input
2025-10-17T00:29:58.223843,5.6,False,0,0,0,0,0,unknown,manual_input
2025-10-17T00:29:58.223843,4.16,False,0,0,0,0,0,unknown,manual_input
2025-10-17T00:29:58.223843,3.93,False,0,0,0,0,0,unknown,manual_input
2025-10-17T00:29:58.223843,1.02,False,0,0,0,0,0,unknown,manual_input
2025-10-17T00:29:58.223843,10.7,False,0,0,0,0,0,unknown,manual_input
2025-10-17T00:29:58.223843,3.28,False,0,0,0,0,0,unknown,manual_input
2025-10-17T00:29:58.223843,1.14,False,0,0,0,0,0,unknown,manual_input
2025-10-17T00:29:58.223843,1.42,False,0,0,0,0,0,unknown,manual_input
2025-10-17T00:29:58.223843,32.79,False,0,0,0,0,0,unknown,manual_input
2025-10-17T00:29:58.223843,1.8,False,0,0,0,0,0,unknown,manual_input
2025-10-17T00:29:58.223843,2.1,False,0,0,0,0,0,unknown,manual_input
2025-10-17T00:29:58.223843,1.7,False,0,0,0,0,0,unknown,manual_input
2025-10-17T00:29:58.223843,4.52,False,0,0,0,0,0,unknown,manual_input
2025-10-17T00:29:58.223843,1.06,False,0,0,0,0,0,unknown,manual_input
2025-10-17T00:29:58.223843,1.46,False,0,0,0,0,0,unknown,manual_input
2025-10-17T00:29:58.223843,1.59,False,0,0,0,0,0,unknown,manual_input
2025-10-17T00:29:58.223843,38.98,False,0,0,0,0,0,unknown,manual_input
2025-10-17T00:29:58.223843,1.75,False,0,0,0,0,0,unknown,manual_input
2025-10-17T00:29:58.223843,4.36,False,0,0,0,0,0,unknown,manual_input
2025-10-17T00:29:58.223843,1.24,False,0,0,0,0,0,unknown,manual_input
2025-10-17T00:29:58.223843,1.13,False,0,0,0,0,0,unknown,manual_input
2025-10-17T00:29:58.223843,1.3,False,0,0,0,0,0,unknown,manual_input
2025-10-17T01:13:10.656060,4.56,False,0,0,0,0,0,unknown,manual_input
2025-10-17T01:13:10.656060,2.08,False,0,0,0,0,0,unknown,manual_input
2025-10-17T01:13:10.656060,3.14,False,0,0,0,0,0,unknown,manual_input
2025-10-17T01:13:10.656060,1.23,False,0,0,0,0,0,unknown,manual_input
2025-10-17T01:13:10.656060,5.13,False,0,0,0,0,0,unknown,manual_input
2025-10-17T01:13:10.656060,12.65,False,0,0,0,0,0,unknown,manual_input
2025-10-17T01:13:10.656060,1.0,False,0,0,0,0,0,unknown,manual_input
2025-10-17T01:13:10.656060,4.13,False,0,0,0,0,0,unknown,manual_input
2025-10-17T01:13:10.656060,10.24,False,0,0,0,0,0,unknown,manual_input
2025-10-17T01:13:10.656060,3.81,False,0,0,0,0,0,unknown,manual_input
2025-10-17T01:13:10.656060,1.0,False,0,0,0,0,0,unknown,manual_input
2025-10-17T01:13:10.656060,1.47,False,0,0,0,0,0,unknown,manual_input
2025-10-17T01:13:10.656060,1.76,False,0,0,0,0,0,unknown,manual_input
2025-10-17T01:13:10.656060,3.36,False,0,0,0,0,0,unknown,manual_input
2025-10-17T01:13:10.656060,1.23,False,0,0,0,0,0,unknown,manual_input
2025-10-17T01:13:10.656060,1.0,False,0,0,0,0,0,unknown,manual_input
2025-10-17T01:13:10.656060,1.02,False,0,0,0,0,0,unknown,manual_input
2025-10-17T01:13:10.656060,1.34,False,0,0,0,0,0,unknown,manual_input
2025-10-17T01:13:10.656060,1.0,False,0,0,0,0,0,unknown,manual_input
2025-10-17T01:13:10.656060,1.79,False,0,0,0,0,0,unknown,manual_input
2025-10-17T01:13:10.656060,20.33,False,0,0,0,0,0,unknown,manual_input
2025-10-17T01:13:10.656060,14.96,False,0,0,0,0,0,unknown,manual_input
2025-10-17T01:13:10.656060,7.47,False,0,0,0,0,0,unknown,manual_input
2025-10-17T01:13:10.656060,1.49,False,0,0,0,0,0,unknown,manual_input
2025-10-17T01:13:10.656060,1.27,False,0,0,0,0,0,unknown,manual_input
2025-10-17T01:13:10.656060,2.25,False,0,0,0,0,0,unknown,manual_input
2025-10-17T01:13:10.656060,3.19,False,0,0,0,0,0,unknown,manual_input
2025-10-17T01:13:10.656060,2.2,False,0,0,0,0,0,unknown,manual_input
2025-10-17T01:13:10.656060,1.83,False,0,0,0,0,0,unknown,manual_input
2025-10-17T01:13:10.656060,1.44,False,0,0,0,0,0,unknown,manual_input
2025-10-17T01:13:10.656060,1.29,False,0,0,0,0,0,unknown,manual_input
2025-10-17T01:13:10.656060,1.03,False,0,0,0,0,0,unknown,manual_input
2025-10-17T01:13:10.656060,2.29,False,0,0,0,0,0,unknown,manual_input
2025-10-17T01:13:10.656060,1.07,False,0,0,0,0,0,unknown,manual_input
2025-10-17T01:13:10.656060,3.02,False,0,0,0,0,0,unknown,manual_input
2025-10-17T01:13:10.656060,2.1,False,0,0,0,0,0,unknown,manual_input
2025-10-17T01:13:10.656060,1.0,False,0,0,0,0,0,unknown,manual_input
2025-10-17T01:13:10.656060,1.61,False,0,0,0,0,0,unknown,manual_input
2025-10-17T01:13:10.656060,3.25,False,0,0,0,0,0,unknown,manual_input
2025-10-17T01:13:10.656060,1.43,False,0,0,0,0,0,unknown,manual_input
2025-10-17T01:13:10.656060,2.77,False,0,0,0,0,0,unknown,manual_input
2025-10-17T01:13:10.656060,2.82,False,0,0,0,0,0,unknown,manual_input
2025-10-17T01:13:10.656060,6.57,False,0,0,0,0,0,unknown,manual_input
2025-10-17T01:13:10.656060,1.97,False,0,0,0,0,0,unknown,manual_input
2025-10-17T01:13:10.656060,3.88,False,0,0,0,0,0,unknown,manual_input
2025-10-17T01:13:10.656060,37.29,False,0,0,0,0,0,unknown,manual_input
2025-10-17T01:13:10.656060,3.39,False,0,0,0,0,0,unknown,manual_input
2025-10-17T01:13:10.656060,1.79,False,0,0,0,0,0,unknown,manual_input
2025-10-17T01:13:10.656060,1.16,False,0,0,0,0,0,unknown,manual_input
2025-10-17T01:13:10.656060,229.33,False,0,0,0,0,0,unknown,manual_input
2025-10-17T01:13:10.656060,1.81,False,0,0,0,0,0,unknown,manual_input
2025-10-17T01:13:10.656060,1.57,False,0,0,0,0,0,unknown,manual_input
2025-10-17T01:13:10.656060,93.5,False,0,0,0,0,0,unknown,manual_input
2025-10-17T01:13:10.656060,3.88,False,0,0,0,0,0,unknown,manual_input
2025-10-17T01:13:10.656060,1.0,False,0,0,0,0,0,unknown,manual_input
2025-10-17T01:13:10.656060,1.62,False,0,0,0,0,0,unknown,manual_input
2025-10-17T01:13:10.656060,41.2,False,0,0,0,0,0,unknown,manual_input
2025-10-17T01:13:10.656060,1.6,False,0,0,0,0,0,unknown,manual_input
2025-10-17T01:13:10.656060,2.0,False,0,0,0,0,0,unknown,manual_input
2025-10-17T01:13:10.656060,1.36,False,0,0,0,0,0,unknown,manual_input
2025-10-17T01:13:10.656060,6.53,False,0,0,0,0,0,unknown,manual_input
2025-10-17T01:13:10.656060,1.41,False,0,0,0,0,0,unknown,manual_input
2025-10-17T01:13:10.656060,1.11,False,0,0,0,0,0,unknown,manual_input
2025-10-17T01:13:10.656060,3.05,False,0,0,0,0,0,unknown,manual_input
2025-10-17T01:13:10.656060,2.49,False,0,0,0,0,0,unknown,manual_input
2025-10-17T01:13:10.656060,25.76,False,0,0,0,0,0,unknown,manual_input
2025-10-17T01:13:10.656060,5.38,False,0,0,0,0,0,unknown,manual_input
2025-10-17T01:13:10.656060,1.06,False,0,0,0,0,0,unknown,manual_input
2025-10-17T01:13:10.656060,52.64,False,0,0,0,0,0,unknown,manual_input
2025-10-17T01:13:10.656060,3.21,False,0,0,0,0,0,unknown,manual_input
2025-10-17T01:13:10.656060,2.18,False,0,0,0,0,0,unknown,manual_input
2025-10-17T01:13:10.656060,1.07,False,0,0,0,0,0,unknown,manual_input
2025-10-17T01:13:10.656060,10.93,False,0,0,0,0,0,unknown,manual_input
2025-10-17T01:13:10.656060,1.24,False,0,0,0,0,0,unknown,manual_input
2025-10-17T01:13:10.656060,19.79,False,0,0,0,0,0,unknown,manual_input
2025-10-17T01:13:10.656060,2.03,False,0,0,0,0,0,unknown,manual_input
2025-10-17T01:13:10.656060,1.68,False,0,0,0,0,0,unknown,manual_input
2025-10-17T01:13:10.656060,1.0,False,0,0,0,0,0,unknown,manual_input
2025-10-17T01:13:10.656060,1.72,False,0,0,0,0,0,unknown,manual_input
2025-10-17T01:13:10.656060,1.7,False,0,0,0,0,0,unknown,manual_input
2025-10-17T01:13:10.656060,2.72,False,0,0,0,0,0,unknown,manual_input
2025-10-17T01:13:10.656060,1.9,False,0,0,0,0,0,unknown,manual_input
2025-10-17T01:13:10.656060,1.66,False,0,0,0,0,0,unknown,manual_input
2025-10-17T01:13:10.656060,3.11,False,0,0,0,0,0,unknown,manual_input
2025-10-17T01:13:10.656060,1.2,False,0,0,0,0,0,unknown,manual_input
2025-10-17T01:13:10.656060,2.32,False,0,0,0,0,0,unknown,manual_input
2025-10-17T01:13:10.656060,1.23,False,0,0,0,0,0,unknown,manual_input
2025-10-17T01:13:10.656060,11.46,False,0,0,0,0,0,unknown,manual_input
2025-10-17T01:13:10.656060,1.36,False,0,0,0,0,0,unknown,manual_input
2025-10-17T01:13:10.656060,1.03,False,0,0,0,0,0,unknown,manual_input
2025-10-17T01:13:10.656060,1.47,False,0,0,0,0,0,unknown,manual_input
2025-10-17T01:13:10.656060,1.12,False,0,0,0,0,0,unknown,manual_input
2025-10-17T01:13:10.656060,2.28,False,0,0,0,0,0,unknown,manual_input
2025-10-17T01:13:10.656060,5.83,False,0,0,0,0,0,unknown,manual_input
2025-10-17T01:13:10.656060,1.02,False,0,0,0,0,0,unknown,manual_input
2025-10-17T01:13:10.656060,23.1,False,0,0,0,0,0,unknown,manual_input
2025-10-17T01:13:10.656060,2.85,False,0,0,0,0,0,unknown,manual_input
2025-10-17T01:13:10.656060,1.32,False,0,0,0,0,0,unknown,manual_input
2025-10-17T01:13:10.656060,2.49,False,0,0,0,0,0,unknown,manual_input
2025-10-17T01:13:10.656060,1.7,False,0,0,0,0,0,unknown,manual_input
2025-10-17T01:13:10.656060,3.39,False,0,0,0,0,0,unknown,manual_input
2025-10-17T01:13:10.656060,2.46,False,0,0,0,0,0,unknown,manual_input
2025-10-17T01:13:10.656060,1.58,False,0,0,0,0,0,unknown,manual_input
2025-10-17T01:13:10.656060,1.79,False,0,0,0,0,0,unknown,manual_input
2025-10-17T01:13:10.656060,2.31,False,0,0,0,0,0,unknown,manual_input
2025-10-17T01:13:10.656060,1.86,False,0,0,0,0,0,unknown,manual_input
2025-10-17T01:13:10.656060,2.77,False,0,0,0,0,0,unknown,manual_input
2025-10-17T01:13:10.656060,1.01,False,0,0,0,0,0,unknown,manual_input
2025-10-17T01:13:10.656060,47.12,False,0,0,0,0,0,unknown,manual_input
2025-10-17T01:13:10.656060,3.95,False,0,0,0,0,0,unknown,manual_input
2025-10-17T01:13:10.656060,1.62,False,0,0,0,0,0,unknown,manual_input
2025-10-17T01:13:10.656060,2.35,False,0,0,0,0,0,unknown,manual_input
2025-10-17T01:13:10.656060,24.62,False,0,0,0,0,0,unknown,manual_input
2025-10-17T01:13:10.656060,1.02,False,0,0,0,0,0,unknown,manual_input
2025-10-17T01:13:10.656060,1.05,False,0,0,0,0,0,unknown,manual_input
2025-10-17T01:13:10.656060,2.0,False,0,0,0,0,0,unknown,manual_input
2025-10-17T01:13:10.656060,1.31,False,0,0,0,0,0,unknown,manual_input
2025-10-17T01:13:10.656060,2.21,False,0,0,0,0,0,unknown,manual_input
2025-10-17T01:13:10.656060,4.62,False,0,0,0,0,0,unknown,manual_input
2025-10-17T01:13:10.656060,1.28,False,0,0,0,0,0,unknown,manual_input
2025-10-17T01:13:10.656060,2.18,False,0,0,0,0,0,unknown,manual_input
2025-10-17T01:13:10.656060,3.63,False,0,0,0,0,0,unknown,manual_input
2025-10-17T01:13:10.656060,1.13,False,0,0,0,0,0,unknown,manual_input
2025-10-17T01:13:10.656060,2.02,False,0,0,0,0,0,unknown,manual_input
2025-10-17T01:13:10.656060,2.43,False,0,0,0,0,0,unknown,manual_input
2025-10-17T01:13:10.656060,1.0,False,0,0,0,0,0,unknown,manual_input
2025-10-17T01:13:10.656060,1.2,False,0,0,0,0,0,unknown,manual_input
2025-10-17T01:13:10.656060,9.29,False,0,0,0,0,0,unknown,manual_input
2025-10-17T01:13:10.656060,1593.82,False,0,0,0,0,0,unknown,manual_input
2025-10-17T01:13:10.656060,1.21,False,0,0,0,0,0,unknown,manual_input
2025-10-17T01:13:10.656060,1.09,False,0,0,0,0,0,unknown,manual_input
2025-10-17T01:13:10.656060,1.04,False,0,0,0,0,0,unknown,manual_input
2025-10-17T01:13:10.656060,1.73,False,0,0,0,0,0,unknown,manual_input
2025-10-17T01:13:10.656060,1.8,False,0,0,0,0,0,unknown,manual_input
2025-10-17T01:13:10.656060,1.07,False,0,0,0,0,0,unknown,manual_input
2025-10-17T01:13:10.656060,1.86,False,0,0,0,0,0,unknown,manual_input
2025-10-17T01:13:10.656060,1.93,False,0,0,0,0,0,unknown,manual_input
2025-10-17T01:13:10.656060,4.97,False,0,0,0,0,0,unknown,manual_input
2025-10-17T01:13:10.656060,122.52,False,0,0,0,0,0,unknown,manual_input
2025-10-17T01:13:10.656060,1.61,False,0,0,0,0,0,unknown,manual_input
2025-10-17T01:13:10.656060,1.41,False,0,0,0,0,0,unknown,manual_input
2025-10-17T01:13:10.656060,2.35,False,0,0,0,0,0,unknown,manual_input
2025-10-17T01:13:10.656060,1.43,False,0,0,0,0,0,unknown,manual_input
2025-10-17T01:13:10.656060,4.1,False,0,0,0,0,0,unknown,manual_input
2025-10-17T01:19:20.122396,1.52,False,0,0,0,0,0,unknown,manual_input
2025-10-17T01:19:20.122396,4.81,False,0,0,0,0,0,unknown,manual_input
2025-10-17T01:19:20.122396,8.22,False,0,0,0,0,0,unknown,manual_input
2025-10-17T01:19:20.122396,79.43,False,0,0,0,0,0,unknown,manual_input
2025-10-17T01:19:20.122396,1.12,False,0,0,0,0,0,unknown,manual_input
2025-10-17T01:19:20.122396,2.76,False,0,0,0,0,0,unknown,manual_input
2025-10-17T01:19:20.122396,1.46,False,0,0,0,0,0,unknown,manual_input
2025-10-17T01:19:20.122396,1.0,False,0,0,0,0,0,unknown,manual_input
2025-10-17T01:19:20.122396,2.27,False,0,0,0,0,0,unknown,manual_input
2025-10-17T01:19:20.122396,1.74,False,0,0,0,0,0,unknown,manual_input
2025-10-17T01:19:20.122396,1.22,False,0,0,0,0,0,unknown,manual_input
2025-10-17T01:19:20.122396,12.8,False,0,0,0,0,0,unknown,manual_input
2025-10-17T01:19:20.122396,2.37,False,0,0,0,0,0,unknown,manual_input
2025-10-17T01:19:20.122396,11.09,False,0,0,0,0,0,unknown,manual_input
2025-10-17T01:19:20.122396,10.42,False,0,0,0,0,0,unknown,manual_input
2025-10-17T01:19:20.122396,17.41,False,0,0,0,0,0,unknown,manual_input
2025-10-17T01:19:20.122396,4.56,False,0,0,0,0,0,unknown,manual_input
2025-10-17T01:19:20.122396,2.08,False,0,0,0,0,0,unknown,manual_input
2025-10-17T01:19:20.122396,3.14,False,0,0,0,0,0,unknown,manual_input
2025-10-17T01:19:20.122396,1.23,False,0,0,0,0,0,unknown,manual_input
2025-10-17T01:19:20.122396,5.13,False,0,0,0,0,0,unknown,manual_input
2025-10-17T01:19:20.122396,12.65,False,0,0,0,0,0,unknown,manual_input
2025-10-17T01:19:20.122396,1.0,False,0,0,0,0,0,unknown,manual_input
2025-10-17T01:19:20.122396,4.13,False,0,0,0,0,0,unknown,manual_input
2025-10-17T01:19:20.122396,10.24,False,0,0,0,0,0,unknown,manual_input
2025-10-17T01:19:20.122396,3.81,False,0,0,0,0,0,unknown,manual_input
2025-10-17T01:19:20.122396,1.0,False,0,0,0,0,0,unknown,manual_input
2025-10-17T01:19:20.122396,1.47,False,0,0,0,0,0,unknown,manual_input
2025-10-17T01:19:20.122396,1.76,False,0,0,0,0,0,unknown,manual_input
2025-10-17T01:19:20.122396,3.36,False,0,0,0,0,0,unknown,manual_input
2025-10-17T01:19:20.122396,1.23,False,0,0,0,0,0,unknown,manual_input
2025-10-17T01:19:20.122396,1.0,False,0,0,0,0,0,unknown,manual_input
2025-10-17T01:19:20.122396,1.02,False,0,0,0,0,0,unknown,manual_input
2025-10-17T01:19:20.122396,1.34,False,0,0,0,0,0,unknown,manual_input
2025-10-17T01:19:20.122396,1.0,False,0,0,0,0,0,unknown,manual_input
2025-10-17T01:19:20.122396,1.79,False,0,0,0,0,0,unknown,manual_input
2025-10-17T01:19:20.122396,20.33,False,0,0,0,0,0,unknown,manual_input
2025-10-17T01:19:20.122396,14.96,False,0,0,0,0,0,unknown,manual_input
2025-10-17T01:19:20.122396,7.47,False,0,0,0,0,0,unknown,manual_input
2025-10-17T01:19:20.122396,1.49,False,0,0,0,0,0,unknown,manual_input
2025-10-17T01:19:20.122396,1.27,False,0,0,0,0,0,unknown,manual_input
2025-10-17T01:19:20.122396,2.25,False,0,0,0,0,0,unknown,manual_input
2025-10-17T01:19:20.122396,3.19,False,0,0,0,0,0,unknown,manual_input
2025-10-17T01:19:20.122396,2.2,False,0,0,0,0,0,unknown,manual_input
2025-10-17T01:19:20.122396,1.83,False,0,0,0,0,0,unknown,manual_input
2025-10-17T01:19:20.122396,1.44,False,0,0,0,0,0,unknown,manual_input
2025-10-17T01:19:20.122396,1.29,False,0,0,0,0,0,unknown,manual_input
2025-10-17T01:19:20.122396,1.03,False,0,0,0,0,0,unknown,manual_input
2025-10-17T01:19:20.122396,2.29,False,0,0,0,0,0,unknown,manual_input
2025-10-17T01:19:20.122396,1.07,False,0,0,0,0,0,unknown,manual_input
2025-10-17T01:19:20.122396,3.02,False,0,0,0,0,0,unknown,manual_input
2025-10-17T01:19:20.122396,2.1,False,0,0,0,0,0,unknown,manual_input
2025-10-17T01:19:20.122396,1.0,False,0,0,0,0,0,unknown,manual_input
2025-10-17T01:19:20.122396,1.61,False,0,0,0,0,0,unknown,manual_input
2025-10-17T01:19:20.122396,3.25,False,0,0,0,0,0,unknown,manual_input
2025-10-17T01:19:20.122396,1.43,False,0,0,0,0,0,unknown,manual_input
2025-10-17T01:19:20.122396,2.77,False,0,0,0,0,0,unknown,manual_input
2025-10-17T01:19:20.122396,2.82,False,0,0,0,0,0,unknown,manual_input
2025-10-17T01:19:20.122396,6.57,False,0,0,0,0,0,unknown,manual_input
2025-10-17T01:19:20.122396,1.97,False,0,0,0,0,0,unknown,manual_input
2025-10-17T01:19:20.122396,3.88,False,0,0,0,0,0,unknown,manual_input
2025-10-17T01:19:20.122396,37.29,False,0,0,0,0,0,unknown,manual_input
2025-10-17T01:19:20.122396,3.39,False,0,0,0,0,0,unknown,manual_input
2025-10-17T01:19:20.122396,1.79,False,0,0,0,0,0,unknown,manual_input
2025-10-17T01:19:20.122396,1.16,False,0,0,0,0,0,unknown,manual_input
2025-10-17T01:19:20.122396,229.33,False,0,0,0,0,0,unknown,manual_input
2025-10-17T01:19:20.122396,1.81,False,0,0,0,0,0,unknown,manual_input
2025-10-17T01:19:20.122396,1.57,False,0,0,0,0,0,unknown,manual_input
2025-10-17T01:19:20.122396,93.5,False,0,0,0,0,0,unknown,manual_input
2025-10-17T01:19:20.122396,3.88,False,0,0,0,0,0,unknown,manual_input
2025-10-17T01:19:20.122396,1.0,False,0,0,0,0,0,unknown,manual_input
2025-10-17T01:19:20.122396,1.62,False,0,0,0,0,0,unknown,manual_input
2025-10-17T01:19:20.122396,41.2,False,0,0,0,0,0,unknown,manual_input
2025-10-17T01:19:20.122396,1.6,False,0,0,0,0,0,unknown,manual_input
2025-10-17T01:19:20.122396,2.0,False,0,0,0,0,0,unknown,manual_input
2025-10-17T01:19:20.122396,1.36,False,0,0,0,0,0,unknown,manual_input
2025-10-17T01:19:20.122396,6.53,False,0,0,0,0,0,unknown,manual_input
2025-10-17T01:19:20.122396,1.41,False,0,0,0,0,0,unknown,manual_input
2025-10-17T01:19:20.122396,1.11,False,0,0,0,0,0,unknown,manual_input
2025-10-17T01:19:20.122396,3.05,False,0,0,0,0,0,unknown,manual_input
2025-10-17T01:19:20.122396,2.49,False,0,0,0,0,0,unknown,manual_input
2025-10-17T01:19:20.122396,25.76,False,0,0,0,0,0,unknown,manual_input
2025-10-17T01:19:20.122396,5.38,False,0,0,0,0,0,unknown,manual_input
2025-10-17T01:19:20.122396,1.06,False,0,0,0,0,0,unknown,manual_input
2025-10-17T01:19:20.122396,52.64,False,0,0,0,0,0,unknown,manual_input
2025-10-17T01:19:20.122396,3.21,False,0,0,0,0,0,unknown,manual_input
2025-10-17T01:19:20.122396,2.18,False,0,0,0,0,0,unknown,manual_input
2025-10-17T01:19:20.122396,1.07,False,0,0,0,0,0,unknown,manual_input
2025-10-17T01:19:20.122396,10.93,False,0,0,0,0,0,unknown,manual_input
2025-10-17T01:19:20.122396,1.24,False,0,0,0,0,0,unknown,manual_input
2025-10-17T01:19:20.122396,19.79,False,0,0,0,0,0,unknown,manual_input
2025-10-17T01:19:20.122396,2.03,False,0,0,0,0,0,unknown,manual_input
2025-10-17T01:19:20.122396,1.68,False,0,0,0,0,0,unknown,manual_input
2025-10-17T01:19:20.122396,1.0,False,0,0,0,0,0,unknown,manual_input
2025-10-17T01:19:20.122396,1.72,False,0,0,0,0,0,unknown,manual_input
2025-10-17T01:19:20.122396,1.7,False,0,0,0,0,0,unknown,manual_input
2025-10-17T01:19:20.122396,2.72,False,0,0,0,0,0,unknown,manual_input
2025-10-17T01:19:20.122396,1.9,False,0,0,0,0,0,unknown,manual_input
2025-10-17T01:19:20.122396,1.66,False,0,0,0,0,0,unknown,manual_input
2025-10-17T01:19:20.122396,3.11,False,0,0,0,0,0,unknown,manual_input
2025-10-17T01:19:20.122396,1.2,False,0,0,0,0,0,unknown,manual_input
2025-10-17T01:19:20.122396,2.32,False,0,0,0,0,0,unknown,manual_input
2025-10-17T01:19:20.122396,1.23,False,0,0,0,0,0,unknown,manual_input
2025-10-17T01:19:20.122396,11.46,False,0,0,0,0,0,unknown,manual_input
2025-10-17T01:19:20.122396,1.36,False,0,0,0,0,0,unknown,manual_input
2025-10-17T01:19:20.122396,1.03,False,0,0,0,0,0,unknown,manual_input
2025-10-17T01:19:20.122396,1.47,False,0,0,0,0,0,unknown,manual_input
2025-10-17T01:19:20.122396,1.12,False,0,0,0,0,0,unknown,manual_input
2025-10-17T01:19:20.122396,2.28,False,0,0,0,0,0,unknown,manual_input
2025-10-17T01:19:20.122396,5.83,False,0,0,0,0,0,unknown,manual_input
2025-10-17T01:19:20.122396,1.02,False,0,0,0,0,0,unknown,manual_input
2025-10-17T01:19:20.122396,23.1,False,0,0,0,0,0,unknown,manual_input
2025-10-17T01:19:20.122396,2.85,False,0,0,0,0,0,unknown,manual_input
2025-10-17T01:19:20.122396,1.32,False,0,0,0,0,0,unknown,manual_input
2025-10-17T01:19:20.122396,2.49,False,0,0,0,0,0,unknown,manual_input
2025-10-17T01:19:20.122396,1.7,False,0,0,0,0,0,unknown,manual_input
2025-10-17T01:19:20.122396,3.39,False,0,0,0,0,0,unknown,manual_input
2025-10-17T01:19:20.122396,2.46,False,0,0,0,0,0,unknown,manual_input
2025-10-17T01:19:20.122396,1.58,False,0,0,0,0,0,unknown,manual_input
2025-10-17T01:19:20.122396,1.79,False,0,0,0,0,0,unknown,manual_input
2025-10-17T01:19:20.122396,2.31,False,0,0,0,0,0,unknown,manual_input
2025-10-17T01:19:20.122396,1.86,False,0,0,0,0,0,unknown,manual_input
2025-10-17T01:19:20.122396,2.77,False,0,0,0,0,0,unknown,manual_input
2025-10-17T01:19:20.122396,1.01,False,0,0,0,0,0,unknown,manual_input
2025-10-17T01:19:20.122396,47.12,False,0,0,0,0,0,unknown,manual_input
2025-10-17T01:19:20.122396,3.95,False,0,0,0,0,0,unknown,manual_input
2025-10-17T01:19:20.122396,1.62,False,0,0,0,0,0,unknown,manual_input
2025-10-17T01:19:20.122396,2.35,False,0,0,0,0,0,unknown,manual_input
2025-10-17T01:19:20.122396,24.62,False,0,0,0,0,0,unknown,manual_input
2025-10-17T01:19:20.122396,1.02,False,0,0,0,0,0,unknown,manual_input
2025-10-17T01:19:20.122396,1.05,False,0,0,0,0,0,unknown,manual_input
2025-10-17T01:19:20.122396,2.0,False,0,0,0,0,0,unknown,manual_input
2025-10-17T01:19:20.122396,1.31,False,0,0,0,0,0,unknown,manual_input
2025-10-17T01:19:20.122396,2.21,False,0,0,0,0,0,unknown,manual_input
2025-10-17T01:19:20.122396,4.62,False,0,0,0,0,0,unknown,manual_input
2025-10-17T01:19:20.122396,1.28,False,0,0,0,0,0,unknown,manual_input
2025-10-17T01:19:20.122396,2.18,False,0,0,0,0,0,unknown,manual_input
2025-10-17T01:19:20.122396,3.63,False,0,0,0,0,0,unknown,manual_input
2025-10-17T01:19:20.122396,1.13,False,0,0,0,0,0,unknown,manual_input
2025-10-17T01:19:20.122396,2.02,False,0,0,0,0,0,unknown,manual_input
2025-10-17T01:19:20.122396,2.43,False,0,0,0,0,0,unknown,manual_input
2025-10-17T01:19:20.122396,1.0,False,0,0,0,0,0,unknown,manual_input
2025-10-17T01:19:20.122396,1.2,False,0,0,0,0,0,unknown,manual_input
2025-10-17T01:19:20.122396,9.29,False,0,0,0,0,0,unknown,manual_input
2025-10-17T01:19:20.122396,1593.82,False,0,0,0,0,0,unknown,manual_input
2025-10-17T01:19:20.122396,1.21,False,0,0,0,0,0,unknown,manual_input
2025-10-17T01:19:20.122396,1.09,False,0,0,0,0,0,unknown,manual_input
2025-10-17T01:19:20.122396,1.04,False,0,0,0,0,0,unknown,manual_input
2025-10-17T01:19:20.122396,1.73,False,0,0,0,0,0,unknown,manual_input
2025-10-17T01:19:20.122396,1.8,False,0,0,0,0,0,unknown,manual_input
2025-10-17T01:19:20.122396,1.07,False,0,0,0,0,0,unknown,manual_input
2025-10-17T01:19:20.122396,1.86,False,0,0,0,0,0,unknown,manual_input
2025-10-17T01:19:20.122396,1.93,False,0,0,0,0,0,unknown,manual_input
2025-10-17T01:19:20.122396,4.97,False,0,0,0,0,0,unknown,manual_input
2025-10-17T01:19:20.122396,122.52,False,0,0,0,0,0,unknown,manual_input
2025-10-17T01:19:20.122396,1.61,False,0,0,0,0,0,unknown,manual_input
2025-10-17T01:19:20.122396,1.41,False,0,0,0,0,0,unknown,manual_input
2025-10-17T01:19:20.122396,2.35,False,0,0,0,0,0,unknown,manual_input
2025-10-17T01:56:27.282773,1.39,False,0,0,0,0,0,unknown,manual_input
2025-10-17T01:56:27.282773,1.15,False,0,0,0,0,0,unknown,manual_input
2025-10-17T01:56:27.282773,3.2,False,0,0,0,0,0,unknown,manual_input
2025-10-17T01:56:27.282773,1.43,False,0,0,0,0,0,unknown,manual_input
2025-10-17T01:56:27.282773,5.0,False,0,0,0,0,0,unknown,manual_input
2025-10-17T01:56:27.282773,16.53,False,0,0,0,0,0,unknown,manual_input
2025-10-17T01:56:27.282773,1.35,False,0,0,0,0,0,unknown,manual_input
2025-10-17T01:56:27.282773,1.73,False,0,0,0,0,0,unknown,manual_input
2025-10-17T01:56:27.282773,1.62,False,0,0,0,0,0,unknown,manual_input
2025-10-17T01:56:27.282773,1.23,False,0,0,0,0,0,unknown,manual_input
2025-10-17T01:56:27.282773,1.87,False,0,0,0,0,0,unknown,manual_input
2025-10-17T01:56:27.282773,1.3,False,0,0,0,0,0,unknown,manual_input
2025-10-17T01:56:27.282773,1.0,False,0,0,0,0,0,unknown,manual_input
2025-10-17T01:56:27.282773,8.95,False,0,0,0,0,0,unknown,manual_input
2025-10-17T01:56:27.282773,1.98,False,0,0,0,0,0,unknown,manual_input
2025-10-17T01:56:27.282773,8.84,False,0,0,0,0,0,unknown,manual_input
2025-10-17T01:56:27.282773,1.53,False,0,0,0,0,0,unknown,manual_input
2025-10-17T01:56:27.282773,1.2,False,0,0,0,0,0,unknown,manual_input
2025-10-17T01:56:27.282773,5.44,False,0,0,0,0,0,unknown,manual_input
2025-10-17T01:56:27.282773,1.28,False,0,0,0,0,0,unknown,manual_input
2025-10-17T01:56:27.282773,4.32,False,0,0,0,0,0,unknown,manual_input
2025-10-17T01:56:27.282773,7.11,False,0,0,0,0,0,unknown,manual_input
2025-10-17T01:56:27.282773,1.66,False,0,0,0,0,0,unknown,manual_input
2025-10-17T01:56:27.282773,1.1,False,0,0,0,0,0,unknown,manual_input
2025-10-17T01:56:27.282773,1.24,False,0,0,0,0,0,unknown,manual_input
2025-10-17T01:56:27.282773,2.46,False,0,0,0,0,0,unknown,manual_input
2025-10-17T01:56:27.282773,2.42,False,0,0,0,0,0,unknown,manual_input
2025-10-17T01:56:27.282773,1.22,False,0,0,0,0,0,unknown,manual_input
2025-10-17T01:56:27.282773,5.68,False,0,0,0,0,0,unknown,manual_input
2025-10-17T01:56:27.282773,1.93,False,0,0,0,0,0,unknown,manual_input
2025-10-17T01:56:27.282773,2.06,False,0,0,0,0,0,unknown,manual_input
2025-10-17T01:56:27.282773,1.2,False,0,0,0,0,0,unknown,manual_input
2025-10-17T01:56:27.282773,2.3,False,0,0,0,0,0,unknown,manual_input
2025-10-17T01:56:27.282773,1.86,False,0,0,0,0,0,unknown,manual_input
2025-10-17T01:56:27.282773,1.18,False,0,0,0,0,0,unknown,manual_input
2025-10-17T01:56:27.282773,10.82,False,0,0,0,0,0,unknown,manual_input
2025-10-17T01:56:27.282773,1.13,False,0,0,0,0,0,unknown,manual_input
2025-10-17T01:56:27.282773,1.4,False,0,0,0,0,0,unknown,manual_input
2025-10-17T01:56:27.282773,6.94,False,0,0,0,0,0,unknown,manual_input
2025-10-17T01:56:27.282773,6.06,False,0,0,0,0,0,unknown,manual_input
2025-10-17T01:56:27.282773,9.75,False,0,0,0,0,0,unknown,manual_input
2025-10-17T01:56:27.282773,3.6,False,0,0,0,0,0,unknown,manual_input
2025-10-17T01:56:27.282773,1.1,False,0,0,0,0,0,unknown,manual_input
2025-10-17T01:56:27.282773,1.82,False,0,0,0,0,0,unknown,manual_input
2025-10-17T01:56:27.282773,1.2,False,0,0,0,0,0,unknown,manual_input
2025-10-17T01:56:27.282773,1.48,False,0,0,0,0,0,unknown,manual_input
2025-10-17T01:56:27.282773,2.98,False,0,0,0,0,0,unknown,manual_input
2025-10-17T01:56:27.282773,1.18,False,0,0,0,0,0,unknown,manual_input
2025-10-17T01:56:27.282773,2.16,False,0,0,0,0,0,unknown,manual_input
2025-10-17T01:56:27.282773,1.09,False,0,0,0,0,0,unknown,manual_input
2025-10-17T01:56:27.282773,1.98,False,0,0,0,0,0,unknown,manual_input
2025-10-17T01:56:27.282773,1.47,False,0,0,0,0,0,unknown,manual_input
2025-10-17T01:56:27.282773,1.15,False,0,0,0,0,0,unknown,manual_input
2025-10-17T01:56:27.282773,1.13,False,0,0,0,0,0,unknown,manual_input
2025-10-17T01:56:27.282773,1.07,False,0,0,0,0,0,unknown,manual_input
2025-10-17T01:56:27.282773,1.36,False,0,0,0,0,0,unknown,manual_input
2025-10-17T01:56:27.282773,3.96,False,0,0,0,0,0,unknown,manual_input
2025-10-17T01:56:27.282773,1.0,False,0,0,0,0,0,unknown,manual_input
2025-10-17T01:56:27.282773,77.98,False,0,0,0,0,0,unknown,manual_input
2025-10-17T01:56:27.282773,1.23,False,0,0,0,0,0,unknown,manual_input
2025-10-17T01:56:27.282773,21.32,False,0,0,0,0,0,unknown,manual_input
2025-10-17T01:56:27.282773,8.24,False,0,0,0,0,0,unknown,manual_input
2025-10-17T01:56:27.282773,1.2,False,0,0,0,0,0,unknown,manual_input
2025-10-17T01:56:27.282773,3.03,False,0,0,0,0,0,unknown,manual_input
2025-10-17T01:56:27.282773,3.85,False,0,0,0,0,0,unknown,manual_input
2025-10-17T01:56:27.282773,1.4,False,0,0,0,0,0,unknown,manual_input
2025-10-17T01:56:27.282773,1.6,False,0,0,0,0,0,unknown,manual_input
2025-10-17T01:56:27.282773,1.13,False,0,0,0,0,0,unknown,manual_input
2025-10-17T01:56:27.282773,2.06,False,0,0,0,0,0,unknown,manual_input
2025-10-17T01:56:27.282773,3.44,False,0,0,0,0,0,unknown,manual_input
2025-10-17T01:56:27.282773,1.57,False,0,0,0,0,0,unknown,manual_input
2025-10-17T01:56:27.282773,6.68,False,0,0,0,0,0,unknown,manual_input
2025-10-17T01:56:27.282773,1.64,False,0,0,0,0,0,unknown,manual_input
2025-10-17T01:56:27.282773,1.11,False,0,0,0,0,0,unknown,manual_input
2025-10-17T01:56:27.282773,2.94,False,0,0,0,0,0,unknown,manual_input
2025-10-17T01:56:27.282773,1.84,False,0,0,0,0,0,unknown,manual_input
2025-10-17T01:56:27.282773,26.26,False,0,0,0,0,0,unknown,manual_input
2025-10-17T01:56:27.282773,1.95,False,0,0,0,0,0,unknown,manual_input
2025-10-17T01:56:27.282773,1.07,False,0,0,0,0,0,unknown,manual_input
2025-10-17T01:56:27.282773,1.55,False,0,0,0,0,0,unknown,manual_input
2025-10-17T01:56:27.282773,1.15,False,0,0,0,0,0,unknown,manual_input
2025-10-17T01:56:27.282773,3.77,False,0,0,0,0,0,unknown,manual_input
2025-10-17T01:56:27.282773,1.97,False,0,0,0,0,0,unknown,manual_input
2025-10-17T01:56:27.282773,1.42,False,0,0,0,0,0,unknown,manual_input
2025-10-17T01:56:27.282773,1.67,False,0,0,0,0,0,unknown,manual_input
2025-10-17T01:56:27.282773,6.44,False,0,0,0,0,0,unknown,manual_input
2025-10-17T01:56:27.282773,1.13,False,0,0,0,0,0,unknown,manual_input
2025-10-17T01:56:27.282773,6.01,False,0,0,0,0,0,unknown,manual_input
2025-10-17T01:56:27.282773,2.44,False,0,0,0,0,0,unknown,manual_input
2025-10-17T01:56:27.282773,1.31,False,0,0,0,0,0,unknown,manual_input
2025-10-17T01:56:27.282773,4.08,False,0,0,0,0,0,unknown,manual_input
2025-10-17T01:56:27.282773,1.88,False,0,0,0,0,0,unknown,manual_input
2025-10-17T01:56:27.282773,2.73,False,0,0,0,0,0,unknown,manual_input
2025-10-17T01:56:27.282773,2.38,False,0,0,0,0,0,unknown,manual_input
2025-10-17T01:56:27.282773,102.55,False,0,0,0,0,0,unknown,manual_input
2025-10-17T01:56:27.282773,1.29,False,0,0,0,0,0,unknown,manual_input
2025-10-17T01:56:27.282773,795.38,False,0,0,0,0,0,unknown,manual_input
2025-10-17T01:56:27.282773,1.26,False,0,0,0,0,0,unknown,manual_input
2025-10-17T01:56:27.282773,4.67,False,0,0,0,0,0,unknown,manual_input
2025-10-17T01:56:27.282773,1.05,False,0,0,0,0,0,unknown,manual_input
2025-10-17T01:56:27.282773,3.25,False,0,0,0,0,0,unknown,manual_input
2025-10-17T01:56:27.282773,1.07,False,0,0,0,0,0,unknown,manual_input
2025-10-17T01:56:27.282773,1.07,False,0,0,0,0,0,unknown,manual_input
2025-10-17T01:56:27.282773,4.57,False,0,0,0,0,0,unknown,manual_input
2025-10-17T01:56:27.282773,2.53,False,0,0,0,0,0,unknown,manual_input
2025-10-17T01:56:27.282773,1.23,False,0,0,0,0,0,unknown,manual_input
2025-10-17T01:56:27.282773,5.57,False,0,0,0,0,0,unknown,manual_input
2025-10-17T01:56:27.282773,4.41,False,0,0,0,0,0,unknown,manual_input
2025-10-17T01:56:27.282773,1.22,False,0,0,0,0,0,unknown,manual_input
2025-10-17T01:56:27.282773,1.34,False,0,0,0,0,0,unknown,manual_input
2025-10-17T01:56:27.282773,1.91,False,0,0,0,0,0,unknown,manual_input
2025-10-17T01:56:27.282773,42.42,False,0,0,0,0,0,unknown,manual_input
2025-10-17T01:56:27.282773,5.11,False,0,0,0,0,0,unknown,manual_input
2025-10-17T01:56:27.282773,1.2,False,0,0,0,0,0,unknown,manual_input
2025-10-17T01:56:27.282773,1.72,False,0,0,0,0,0,unknown,manual_input
2025-10-17T01:56:27.282773,1.52,False,0,0,0,0,0,unknown,manual_input
2025-10-17T01:56:27.282773,4.81,False,0,0,0,0,0,unknown,manual_input
2025-10-17T01:56:27.282773,8.22,False,0,0,0,0,0,unknown,manual_input
2025-10-17T01:56:27.282773,79.43,False,0,0,0,0,0,unknown,manual_input
2025-10-17T01:56:27.282773,1.12,False,0,0,0,0,0,unknown,manual_input
2025-10-17T01:56:27.282773,2.76,False,0,0,0,0,0,unknown,manual_input
2025-10-17T01:56:27.282773,1.46,False,0,0,0,0,0,unknown,manual_input
2025-10-17T01:56:27.282773,1.0,False,0,0,0,0,0,unknown,manual_input
2025-10-17T01:56:27.282773,2.27,False,0,0,0,0,0,unknown,manual_input
2025-10-17T01:56:27.282773,1.74,False,0,0,0,0,0,unknown,manual_input
2025-10-17T01:56:27.282773,1.22,False,0,0,0,0,0,unknown,manual_input
2025-10-17T01:56:27.282773,12.8,False,0,0,0,0,0,unknown,manual_input
2025-10-17T01:56:27.282773,2.37,False,0,0,0,0,0,unknown,manual_input
2025-10-17T01:56:27.282773,11.09,False,0,0,0,0,0,unknown,manual_input
2025-10-17T01:56:27.282773,10.42,False,0,0,0,0,0,unknown,manual_input
2025-10-17T01:56:27.282773,17.41,False,0,0,0,0,0,unknown,manual_input
2025-10-17T01:56:27.282773,4.56,False,0,0,0,0,0,unknown,manual_input
2025-10-17T01:56:27.282773,2.08,False,0,0,0,0,0,unknown,manual_input
2025-10-17T01:56:27.282773,3.14,False,0,0,0,0,0,unknown,manual_input
2025-10-17T01:56:27.282773,1.23,False,0,0,0,0,0,unknown,manual_input
2025-10-17T01:56:27.282773,5.13,False,0,0,0,0,0,unknown,manual_input
2025-10-17T01:56:27.282773,12.65,False,0,0,0,0,0,unknown,manual_input
2025-10-17T01:56:27.282773,1.0,False,0,0,0,0,0,unknown,manual_input
2025-10-17T01:56:27.282773,4.13,False,0,0,0,0,0,unknown,manual_input
2025-10-17T01:56:27.282773,10.24,False,0,0,0,0,0,unknown,manual_input
2025-10-17T01:56:27.282773,3.81,False,0,0,0,0,0,unknown,manual_input
2025-10-17T01:56:27.282773,1.0,False,0,0,0,0,0,unknown,manual_input
2025-10-17T01:56:27.282773,1.47,False,0,0,0,0,0,unknown,manual_input
2025-10-17T01:56:27.282773,1.76,False,0,0,0,0,0,unknown,manual_input
2025-10-17T01:56:27.282773,3.36,False,0,0,0,0,0,unknown,manual_input
2025-10-17T01:56:27.282773,1.23,False,0,0,0,0,0,unknown,manual_input
2025-10-17T01:56:27.282773,1.0,False,0,0,0,0,0,unknown,manual_input
2025-10-17T01:56:27.282773,1.02,False,0,0,0,0,0,unknown,manual_input
2025-10-17T01:56:27.282773,1.34,False,0,0,0,0,0,unknown,manual_input
2025-10-17T01:56:27.282773,1.0,False,0,0,0,0,0,unknown,manual_input
2025-10-17T01:56:27.282773,1.79,False,0,0,0,0,0,unknown,manual_input
2025-10-17T01:56:27.282773,20.33,False,0,0,0,0,0,unknown,manual_input
2025-10-17T01:56:27.282773,14.96,False,0,0,0,0,0,unknown,manual_input
2025-10-17T01:56:27.282773,7.47,False,0,0,0,0,0,unknown,manual_input
2025-10-17T01:56:27.282773,1.49,False,0,0,0,0,0,unknown,manual_input
2025-10-17T01:56:27.282773,1.27,False,0,0,0,0,0,unknown,manual_input
2025-10-17T01:56:27.282773,2.25,False,0,0,0,0,0,unknown,manual_input
2025-10-17T01:56:27.282773,3.19,False,0,0,0,0,0,unknown,manual_input
2025-10-17T01:56:27.282773,2.2,False,0,0,0,0,0,unknown,manual_input
2025-10-17T01:56:27.282773,1.83,False,0,0,0,0,0,unknown,manual_input
2025-10-17T01:56:27.282773,1.44,False,0,0,0,0,0,unknown,manual_input
2025-10-17T01:56:27.282773,1.29,False,0,0,0,0,0,unknown,manual_input
2025-10-17T01:56:27.282773,1.03,False,0,0,0,0,0,unknown,manual_input
2025-10-17T01:56:27.282773,2.29,False,0,0,0,0,0,unknown,manual_input
2025-10-17T01:56:27.282773,1.07,False,0,0,0,0,0,unknown,manual_input
2025-10-17T11:41:48.789077,1.36,False,0,0,0,0,0,unknown,manual_input
2025-10-17T11:41:48.789077,1.5,False,0,0,0,0,0,unknown,manual_input
2025-10-17T11:41:48.789077,1.22,False,0,0,0,0,0,unknown,manual_input
2025-10-17T11:41:48.789077,1.18,False,0,0,0,0,0,unknown,manual_input
2025-10-17T11:41:48.789077,1.27,False,0,0,0,0,0,unknown,manual_input
2025-10-17T11:41:48.789077,3.89,False,0,0,0,0,0,unknown,manual_input
2025-10-17T11:41:48.789077,7.8,False,0,0,0,0,0,unknown,manual_input
2025-10-17T11:41:48.789077,3.97,False,0,0,0,0,0,unknown,manual_input
2025-10-17T11:41:48.789077,2.14,False,0,0,0,0,0,unknown,manual_input
2025-10-17T11:41:48.789077,7.35,False,0,0,0,0,0,unknown,manual_input
2025-10-17T11:41:48.789077,26.98,False,0,0,0,0,0,unknown,manual_input
2025-10-17T11:41:48.789077,2.37,False,0,0,0,0,0,unknown,manual_input
2025-10-17T11:41:48.789077,9.78,False,0,0,0,0,0,unknown,manual_input
2025-10-17T11:41:48.789077,1.77,False,0,0,0,0,0,unknown,manual_input
2025-10-17T11:41:48.789077,9.1,False,0,0,0,0,0,unknown,manual_input
2025-10-17T11:41:48.789077,1.16,False,0,0,0,0,0,unknown,manual_input
2025-10-17T11:41:48.789077,1.0,False,0,0,0,0,0,unknown,manual_input
2025-10-17T11:41:48.789077,15.77,False,0,0,0,0,0,unknown,manual_input
2025-10-17T11:41:48.789077,2.15,False,0,0,0,0,0,unknown,manual_input
2025-10-17T11:41:48.789077,1.31,False,0,0,0,0,0,unknown,manual_input
2025-10-17T11:41:48.789077,1.24,False,0,0,0,0,0,unknown,manual_input
2025-10-17T11:41:48.789077,6.03,False,0,0,0,0,0,unknown,manual_input
2025-10-17T11:41:48.789077,1.0,False,0,0,0,0,0,unknown,manual_input
2025-10-17T11:41:48.789077,4.01,False,0,0,0,0,0,unknown,manual_input
2025-10-17T11:41:48.789077,3.43,False,0,0,0,0,0,unknown,manual_input
2025-10-17T11:41:48.789077,5.76,False,0,0,0,0,0,unknown,manual_input
2025-10-17T11:41:48.789077,1.21,False,0,0,0,0,0,unknown,manual_input
2025-10-17T11:41:48.789077,9.15,False,0,0,0,0,0,unknown,manual_input
2025-10-17T11:41:48.789077,9.46,False,0,0,0,0,0,unknown,manual_input
2025-10-17T11:41:48.789077,3.05,False,0,0,0,0,0,unknown,manual_input
2025-10-17T11:41:48.789077,1.56,False,0,0,0,0,0,unknown,manual_input
2025-10-17T11:41:48.789077,2.65,False,0,0,0,0,0,unknown,manual_input
2025-10-17T11:41:48.789077,1.35,False,0,0,0,0,0,unknown,manual_input
2025-10-17T11:41:48.789077,1.17,False,0,0,0,0,0,unknown,manual_input
2025-10-17T11:41:48.789077,1.0,False,0,0,0,0,0,unknown,manual_input
2025-10-17T11:41:48.789077,43.81,False,0,0,0,0,0,unknown,manual_input
2025-10-17T11:41:48.789077,5.99,False,0,0,0,0,0,unknown,manual_input
2025-10-17T11:41:48.789077,3.33,False,0,0,0,0,0,unknown,manual_input
2025-10-17T11:41:48.789077,1.06,False,0,0,0,0,0,unknown,manual_input
2025-10-17T11:41:48.789077,3.08,False,0,0,0,0,0,unknown,manual_input
2025-10-17T11:41:48.789077,6.06,False,0,0,0,0,0,unknown,manual_input
2025-10-17T11:41:48.789077,2.63,False,0,0,0,0,0,unknown,manual_input
2025-10-17T11:41:48.789077,1.33,False,0,0,0,0,0,unknown,manual_input
2025-10-17T11:41:48.789077,1.08,False,0,0,0,0,0,unknown,manual_input
2025-10-17T11:41:48.789077,2.1,False,0,0,0,0,0,unknown,manual_input
2025-10-17T11:41:48.789077,1.73,False,0,0,0,0,0,unknown,manual_input
2025-10-17T11:41:48.789077,1.03,False,0,0,0,0,0,unknown,manual_input
2025-10-17T11:41:48.789077,1.9,False,0,0,0,0,0,unknown,manual_input
2025-10-17T11:41:48.789077,5.6,False,0,0,0,0,0,unknown,manual_input
2025-10-17T11:41:48.789077,1.0,False,0,0,0,0,0,unknown,manual_input
2025-10-17T11:41:48.789077,1.15,False,0,0,0,0,0,unknown,manual_input
2025-10-17T11:41:48.789077,4.24,False,0,0,0,0,0,unknown,manual_input
2025-10-17T11:41:48.789077,2.0,False,0,0,0,0,0,unknown,manual_input
2025-10-17T11:41:48.789077,1.18,False,0,0,0,0,0,unknown,manual_input
2025-10-17T11:41:48.789077,13.66,False,0,0,0,0,0,unknown,manual_input
2025-10-17T11:41:48.789077,6.04,False,0,0,0,0,0,unknown,manual_input
2025-10-17T11:41:48.789077,10.04,False,0,0,0,0,0,unknown,manual_input
2025-10-17T11:41:48.789077,206.17,False,0,0,0,0,0,unknown,manual_input
2025-10-17T11:41:48.789077,1.8,False,0,0,0,0,0,unknown,manual_input
2025-10-17T11:41:48.789077,3.17,False,0,0,0,0,0,unknown,manual_input
2025-10-17T11:41:48.789077,1.01,False,0,0,0,0,0,unknown,manual_input
2025-10-17T11:41:48.789077,4.05,False,0,0,0,0,0,unknown,manual_input
2025-10-17T11:41:48.789077,2.5,False,0,0,0,0,0,unknown,manual_input
2025-10-17T11:41:48.789077,1.8,False,0,0,0,0,0,unknown,manual_input
2025-10-17T11:41:48.789077,7.55,False,0,0,0,0,0,unknown,manual_input
2025-10-17T11:41:48.789077,1.63,False,0,0,0,0,0,unknown,manual_input
2025-10-17T11:41:48.789077,3.22,False,0,0,0,0,0,unknown,manual_input
2025-10-17T11:41:48.789077,1.41,False,0,0,0,0,0,unknown,manual_input
2025-10-17T11:41:48.789077,3.24,False,0,0,0,0,0,unknown,manual_input
2025-10-17T11:41:48.789077,2.69,False,0,0,0,0,0,unknown,manual_input
2025-10-17T11:41:48.789077,1.26,False,0,0,0,0,0,unknown,manual_input
2025-10-17T11:41:48.789077,1.33,False,0,0,0,0,0,unknown,manual_input
2025-10-17T11:41:48.789077,1.21,False,0,0,0,0,0,unknown,manual_input
2025-10-17T11:41:48.789077,1.84,False,0,0,0,0,0,unknown,manual_input
2025-10-17T11:41:48.789077,1.09,False,0,0,0,0,0,unknown,manual_input
2025-10-17T11:41:48.789077,8.23,False,0,0,0,0,0,unknown,manual_input
2025-10-17T11:41:48.789077,3.19,False,0,0,0,0,0,unknown,manual_input
2025-10-17T11:41:48.789077,2.99,False,0,0,0,0,0,unknown,manual_input
2025-10-17T11:41:48.789077,6.04,False,0,0,0,0,0,unknown,manual_input
2025-10-17T11:41:48.789077,1.26,False,0,0,0,0,0,unknown,manual_input
2025-10-17T11:41:48.789077,3.17,False,0,0,0,0,0,unknown,manual_input
2025-10-17T11:41:48.789077,6.62,False,0,0,0,0,0,unknown,manual_input
2025-10-17T11:41:48.789077,4.07,False,0,0,0,0,0,unknown,manual_input
2025-10-17T11:41:48.789077,2.99,False,0,0,0,0,0,unknown,manual_input
2025-10-17T11:41:48.789077,3.97,False,0,0,0,0,0,unknown,manual_input
2025-10-17T11:41:48.789077,1.63,False,0,0,0,0,0,unknown,manual_input
2025-10-17T11:41:48.789077,1.03,False,0,0,0,0,0,unknown,manual_input
2025-10-17T11:41:48.789077,1.38,False,0,0,0,0,0,unknown,manual_input
2025-10-17T11:41:48.789077,1.67,False,0,0,0,0,0,unknown,manual_input
2025-10-17T11:41:48.789077,10.37,False,0,0,0,0,0,unknown,manual_input
2025-10-17T11:41:48.789077,4.22,False,0,0,0,0,0,unknown,manual_input
2025-10-17T11:41:48.789077,12.16,False,0,0,0,0,0,unknown,manual_input
2025-10-17T11:41:48.789077,1.29,False,0,0,0,0,0,unknown,manual_input
2025-10-17T11:41:48.789077,1.08,False,0,0,0,0,0,unknown,manual_input
2025-10-17T11:41:48.789077,1.65,False,0,0,0,0,0,unknown,manual_input
2025-10-17T11:41:48.789077,1.94,False,0,0,0,0,0,unknown,manual_input
2025-10-17T11:41:48.789077,1.9,False,0,0,0,0,0,unknown,manual_input
2025-10-17T11:41:48.789077,1.68,False,0,0,0,0,0,unknown,manual_input
2025-10-17T11:41:48.789077,1.16,False,0,0,0,0,0,unknown,manual_input
2025-10-17T11:41:48.789077,1.0,False,0,0,0,0,0,unknown,manual_input
2025-10-17T11:41:48.789077,8.59,False,0,0,0,0,0,unknown,manual_input
2025-10-17T11:41:48.789077,2.32,False,0,0,0,0,0,unknown,manual_input
2025-10-17T11:41:48.789077,3.58,False,0,0,0,0,0,unknown,manual_input
2025-10-17T11:41:48.789077,1.07,False,0,0,0,0,0,unknown,manual_input
2025-10-17T11:41:48.789077,1.94,False,0,0,0,0,0,unknown,manual_input
2025-10-17T11:41:48.789077,1.36,False,0,0,0,0,0,unknown,manual_input
2025-10-17T11:41:48.789077,1.21,False,0,0,0,0,0,unknown,manual_input
2025-10-17T11:41:48.789077,14.03,False,0,0,0,0,0,unknown,manual_input
2025-10-17T11:41:48.789077,1.58,False,0,0,0,0,0,unknown,manual_input
2025-10-17T11:41:48.789077,2.7,False,0,0,0,0,0,unknown,manual_input
2025-10-17T11:41:48.789077,1.74,False,0,0,0,0,0,unknown,manual_input
2025-10-17T11:41:48.789077,11.41,False,0,0,0,0,0,unknown,manual_input
2025-10-17T11:41:48.789077,1.32,False,0,0,0,0,0,unknown,manual_input
2025-10-17T11:41:48.789077,1.13,False,0,0,0,0,0,unknown,manual_input
2025-10-17T11:41:48.789077,2.37,False,0,0,0,0,0,unknown,manual_input
2025-10-17T11:41:48.789077,1.14,False,0,0,0,0,0,unknown,manual_input
2025-10-17T11:41:48.789077,4.84,False,0,0,0,0,0,unknown,manual_input
2025-10-17T11:41:48.789077,48.85,False,0,0,0,0,0,unknown,manual_input
2025-10-17T11:41:48.789077,2.08,False,0,0,0,0,0,unknown,manual_input
2025-10-17T11:41:48.789077,5.97,False,0,0,0,0,0,unknown,manual_input
2025-10-17T11:41:48.789077,1.28,False,0,0,0,0,0,unknown,manual_input
2025-10-17T11:41:48.789077,1.86,False,0,0,0,0,0,unknown,manual_input
2025-10-17T11:41:48.789077,4.44,False,0,0,0,0,0,unknown,manual_input
2025-10-17T11:41:48.789077,4.78,False,0,0,0,0,0,unknown,manual_input
2025-10-17T11:41:48.789077,1.06,False,0,0,0,0,0,unknown,manual_input
2025-10-17T11:41:48.789077,1.15,False,0,0,0,0,0,unknown,manual_input
2025-10-17T11:41:48.789077,16.11,False,0,0,0,0,0,unknown,manual_input
2025-10-17T11:41:48.789077,8.27,False,0,0,0,0,0,unknown,manual_input
2025-10-17T11:41:48.789077,17.5,False,0,0,0,0,0,unknown,manual_input
2025-10-17T11:41:48.789077,5.29,False,0,0,0,0,0,unknown,manual_input
2025-10-17T11:41:48.789077,14.05,False,0,0,0,0,0,unknown,manual_input
2025-10-17T11:41:48.789077,3.86,False,0,0,0,0,0,unknown,manual_input
2025-10-17T11:41:48.789077,1.08,False,0,0,0,0,0,unknown,manual_input
2025-10-17T11:41:48.789077,1.94,False,0,0,0,0,0,unknown,manual_input
2025-10-17T11:41:48.789077,1.43,False,0,0,0,0,0,unknown,manual_input
2025-10-17T11:41:48.789077,2.13,False,0,0,0,0,0,unknown,manual_input
2025-10-17T11:41:48.789077,2.3,False,0,0,0,0,0,unknown,manual_input
2025-10-17T11:41:48.789077,3.04,False,0,0,0,0,0,unknown,manual_input
2025-10-17T11:41:48.789077,3.78,False,0,0,0,0,0,unknown,manual_input
2025-10-17T11:41:48.789077,1.05,False,0,0,0,0,0,unknown,manual_input
2025-10-17T11:41:48.789077,1.96,False,0,0,0,0,0,unknown,manual_input
2025-10-17T11:41:48.789077,1.08,False,0,0,0,0,0,unknown,manual_input
2025-10-17T11:41:48.789077,1.45,False,0,0,0,0,0,unknown,manual_input
2025-10-17T11:41:48.789077,1.75,False,0,0,0,0,0,unknown,manual_input
2025-10-17T11:41:48.789077,1.49,False,0,0,0,0,0,unknown,manual_input
2025-10-17T11:41:48.789077,1.15,False,0,0,0,0,0,unknown,manual_input
2025-10-17T11:41:48.789077,1.0,False,0,0,0,0,0,unknown,manual_input
2025-10-17T11:41:48.789077,27.14,False,0,0,0,0,0,unknown,manual_input
2025-10-17T11:41:48.789077,5.15,False,0,0,0,0,0,unknown,manual_input
2025-10-17T11:41:48.789077,1.57,False,0,0,0,0,0,unknown,manual_input
2025-10-17T11:41:48.789077,5.4,False,0,0,0,0,0,unknown,manual_input
2025-10-17T11:41:48.789077,1.7,False,0,0,0,0,0,unknown,manual_input
2025-10-17T11:41:48.789077,2.79,False,0,0,0,0,0,unknown,manual_input
2025-10-17T11:41:48.789077,1.53,False,0,0,0,0,0,unknown,manual_input
2025-10-17T11:41:48.789077,1.27,False,0,0,0,0,0,unknown,manual_input
2025-10-17T11:41:48.789077,1.1,False,0,0,0,0,0,unknown,manual_input
2025-10-17T11:41:48.789077,1.31,False,0,0,0,0,0,unknown,manual_input
2025-10-17T11:41:48.789077,1.45,False,0,0,0,0,0,unknown,manual_input
2025-10-17T11:41:48.789077,1.87,False,0,0,0,0,0,unknown,manual_input
2025-10-17T11:41:48.789077,10.65,False,0,0,0,0,0,unknown,manual_input
2025-10-17T11:41:48.789077,1.08,False,0,0,0,0,0,unknown,manual_input
2025-10-17T11:41:48.789077,1.03,False,0,0,0,0,0,unknown,manual_input
2025-10-17T11:41:48.789077,1.52,False,0,0,0,0,0,unknown,manual_input
2025-10-17T11:41:48.789077,1.54,False,0,0,0,0,0,unknown,manual_input
2025-10-17T11:41:48.789077,22.34,False,0,0,0,0,0,unknown,manual_input
2025-10-17T11:41:48.789077,10.45,False,0,0,0,0,0,unknown,manual_input
2025-10-17T11:41:48.789077,2.86,False,0,0,0,0,0,unknown,manual_input
2025-10-17T11:41:48.789077,1.15,False,0,0,0,0,0,unknown,manual_input
2025-10-17T11:41:48.789077,1.33,False,0,0,0,0,0,unknown,manual_input
2025-10-17T11:41:48.789077,1.11,False,0,0,0,0,0,unknown,manual_input
2025-10-17T11:41:48.789077,3.61,False,0,0,0,0,0,unknown,manual_input
2025-10-17T11:41:48.789077,1.43,False,0,0,0,0,0,unknown,manual_input
2025-10-17T11:41:48.789077,2.11,False,0,0,0,0,0,unknown,manual_input
2025-10-17T11:41:48.789077,1.03,False,0,0,0,0,0,unknown,manual_input
2025-10-17T11:41:48.789077,1.11,False,0,0,0,0,0,unknown,manual_input
2025-10-17T11:41:48.789077,1.24,False,0,0,0,0,0,unknown,manual_input
2025-10-17T11:41:48.789077,1.48,False,0,0,0,0,0,unknown,manual_input
2025-10-17T11:41:48.789077,3.47,False,0,0,0,0,0,unknown,manual_input
2025-10-17T11:41:48.789077,1.12,False,0,0,0,0,0,unknown,manual_input
2025-10-17T11:41:48.789077,47.48,False,0,0,0,0,0,unknown,manual_input
2025-10-17T11:41:48.789077,1.37,False,0,0,0,0,0,unknown,manual_input
2025-10-17T11:41:48.789077,1.7,False,0,0,0,0,0,unknown,manual_input
2025-10-17T11:41:48.789077,2.16,False,0,0,0,0,0,unknown,manual_input
2025-10-17T11:41:48.789077,6.39,False,0,0,0,0,0,unknown,manual_input
2025-10-17T11:41:48.789077,1.92,False,0,0,0,0,0,unknown,manual_input
2025-10-17T11:41:48.789077,1.9,False,0,0,0,0,0,unknown,manual_input
2025-10-17T11:41:48.789077,7.52,False,0,0,0,0,0,unknown,manual_input
2025-10-17T11:41:48.789077,7.89,False,0,0,0,0,0,unknown,manual_input
2025-10-17T11:41:48.789077,1.4,False,0,0,0,0,0,unknown,manual_input
2025-10-17T11:41:48.789077,1.18,False,0,0,0,0,0,unknown,manual_input
2025-10-17T11:41:48.789077,3.73,False,0,0,0,0,0,unknown,manual_input
2025-10-17T11:41:48.789077,1.02,False,0,0,0,0,0,unknown,manual_input
2025-10-17T11:41:48.789077,2.34,False,0,0,0,0,0,unknown,manual_input
2025-10-17T11:41:48.789077,3.26,False,0,0,0,0,0,unknown,manual_input
2025-10-17T11:41:48.789077,1.55,False,0,0,0,0,0,unknown,manual_input
2025-10-17T11:41:48.789077,1.46,False,0,0,0,0,0,unknown,manual_input
2025-10-17T11:41:48.789077,2.51,False,0,0,0,0,0,unknown,manual_input
2025-10-17T11:41:48.789077,1.05,False,0,0,0,0,0,unknown,manual_input
2025-10-17T11:41:48.789077,1.68,False,0,0,0,0,0,unknown,manual_input
2025-10-17T11:41:48.789077,3.71,False,0,0,0,0,0,unknown,manual_input
2025-10-17T11:41:48.789077,1.07,False,0,0,0,0,0,unknown,manual_input
2025-10-17T11:41:48.789077,17.16,False,0,0,0,0,0,unknown,manual_input
2025-10-17T11:41:48.789077,1.82,False,0,0,0,0,0,unknown,manual_input
2025-10-17T11:41:48.789077,1.58,False,0,0,0,0,0,unknown,manual_input
2025-10-17T11:41:48.789077,1.71,False,0,0,0,0,0,unknown,manual_input
2025-10-17T11:41:48.789077,1.63,False,0,0,0,0,0,unknown,manual_input
2025-10-17T11:41:48.789077,1.8,False,0,0,0,0,0,unknown,manual_input
2025-10-17T11:41:48.789077,1.47,False,0,0,0,0,0,unknown,manual_input
2025-10-17T11:41:48.789077,1.03,False,0,0,0,0,0,unknown,manual_input
2025-10-17T11:41:48.789077,2.85,False,0,0,0,0,0,unknown,manual_input
2025-10-17T11:41:48.789077,4.96,False,0,0,0,0,0,unknown,manual_input
2025-10-17T11:41:48.789077,2.09,False,0,0,0,0,0,unknown,manual_input
2025-10-17T11:41:48.789077,1.0,False,0,0,0,0,0,unknown,manual_input
2025-10-17T11:41:48.789077,1.05,False,0,0,0,0,0,unknown,manual_input
2025-10-17T11:41:48.789077,7.67,False,0,0,0,0,0,unknown,manual_input
2025-10-17T11:41:48.789077,2.24,False,0,0,0,0,0,unknown,manual_input
2025-10-17T11:41:48.789077,17.49,False,0,0,0,0,0,unknown,manual_input
2025-10-17T11:41:48.789077,1.41,False,0,0,0,0,0,unknown,manual_input
2025-10-17T11:41:48.789077,1.1,False,0,0,0,0,0,unknown,manual_input
2025-10-17T11:41:48.789077,2.03,False,0,0,0,0,0,unknown,manual_input
2025-10-17T11:41:48.789077,1.18,False,0,0,0,0,0,unknown,manual_input
2025-10-17T11:41:48.789077,2.49,False,0,0,0,0,0,unknown,manual_input
2025-10-17T14:33:40.622634,1.54,False,0,0,0,0,0,unknown,manual_input
2025-10-17T14:33:40.622634,11.0,False,0,0,0,0,0,unknown,manual_input
2025-10-17T14:33:40.622634,1.16,False,0,0,0,0,0,unknown,manual_input
2025-10-17T14:33:40.622634,1.0,False,0,0,0,0,0,unknown,manual_input
2025-10-17T14:33:40.622634,1.05,False,0,0,0,0,0,unknown,manual_input
2025-10-17T14:33:40.622634,1.46,False,0,0,0,0,0,unknown,manual_input
2025-10-17T14:33:40.622634,2.13,False,0,0,0,0,0,unknown,manual_input
2025-10-17T14:33:40.622634,1.11,False,0,0,0,0,0,unknown,manual_input
2025-10-17T14:33:40.622634,1.81,False,0,0,0,0,0,unknown,manual_input
2025-10-17T14:33:40.622634,1.08,False,0,0,0,0,0,unknown,manual_input
2025-10-17T14:33:40.622634,1.46,False,0,0,0,0,0,unknown,manual_input
2025-10-17T14:33:40.622634,1.66,False,0,0,0,0,0,unknown,manual_input
2025-10-17T14:33:40.622634,1.59,False,0,0,0,0,0,unknown,manual_input
2025-10-17T14:33:40.622634,3.03,False,0,0,0,0,0,unknown,manual_input
2025-10-17T14:33:40.622634,1.89,False,0,0,0,0,0,unknown,manual_input
2025-10-17T14:33:40.622634,1.69,False,0,0,0,0,0,unknown,manual_input
2025-10-17T14:33:40.622634,8.85,False,0,0,0,0,0,unknown,manual_input
2025-10-17T14:33:40.622634,1.0,False,0,0,0,0,0,unknown,manual_input
2025-10-17T14:33:40.622634,10.92,False,0,0,0,0,0,unknown,manual_input
2025-10-17T14:33:40.622634,1.33,False,0,0,0,0,0,unknown,manual_input
2025-10-17T14:33:40.622634,7.44,False,0,0,0,0,0,unknown,manual_input
2025-10-17T14:33:40.622634,3.12,False,0,0,0,0,0,unknown,manual_input
2025-10-17T14:33:40.622634,609.4,False,0,0,0,0,0,unknown,manual_input
2025-10-17T14:33:40.622634,2.47,False,0,0,0,0,0,unknown,manual_input
2025-10-17T14:33:40.622634,5.17,False,0,0,0,0,0,unknown,manual_input
2025-10-17T14:33:40.622634,5.45,False,0,0,0,0,0,unknown,manual_input
2025-10-17T14:33:40.622634,1.17,False,0,0,0,0,0,unknown,manual_input
2025-10-17T14:33:40.622634,1.46,False,0,0,0,0,0,unknown,manual_input
2025-10-17T14:33:40.622634,38.12,False,0,0,0,0,0,unknown,manual_input
2025-10-17T14:33:40.622634,2.22,False,0,0,0,0,0,unknown,manual_input
2025-10-17T14:33:40.622634,1.05,False,0,0,0,0,0,unknown,manual_input
2025-10-17T14:33:40.622634,14.92,False,0,0,0,0,0,unknown,manual_input
2025-10-17T14:33:40.622634,2.33,False,0,0,0,0,0,unknown,manual_input
2025-10-17T14:33:40.622634,1.05,False,0,0,0,0,0,unknown,manual_input
2025-10-17T14:33:40.622634,2.55,False,0,0,0,0,0,unknown,manual_input
2025-10-17T14:33:40.622634,1.01,False,0,0,0,0,0,unknown,manual_input
2025-10-17T14:33:40.622634,1.2,False,0,0,0,0,0,unknown,manual_input
2025-10-17T14:33:40.622634,6.63,False,0,0,0,0,0,unknown,manual_input
2025-10-17T14:33:40.622634,1.16,False,0,0,0,0,0,unknown,manual_input
2025-10-17T14:33:40.622634,2.38,False,0,0,0,0,0,unknown,manual_input
2025-10-17T14:33:40.622634,1.41,False,0,0,0,0,0,unknown,manual_input
2025-10-17T14:33:40.622634,1.69,False,0,0,0,0,0,unknown,manual_input
2025-10-17T14:33:40.622634,1.72,False,0,0,0,0,0,unknown,manual_input
2025-10-17T14:33:40.622634,1.27,False,0,0,0,0,0,unknown,manual_input
2025-10-17T14:33:40.622634,1.85,False,0,0,0,0,0,unknown,manual_input
2025-10-17T14:33:40.622634,1.49,False,0,0,0,0,0,unknown,manual_input
2025-10-17T14:33:40.622634,1.59,False,0,0,0,0,0,unknown,manual_input
2025-10-17T14:33:40.622634,1.28,False,0,0,0,0,0,unknown,manual_input
2025-10-17T14:33:40.622634,1.96,False,0,0,0,0,0,unknown,manual_input
2025-10-17T14:33:40.622634,35.95,False,0,0,0,0,0,unknown,manual_input
2025-10-17T14:33:40.622634,1.35,False,0,0,0,0,0,unknown,manual_input
2025-10-17T14:33:40.622634,2.44,False,0,0,0,0,0,unknown,manual_input
2025-10-17T14:33:40.622634,4.69,False,0,0,0,0,0,unknown,manual_input
2025-10-17T14:33:40.622634,2.13,False,0,0,0,0,0,unknown,manual_input
2025-10-17T14:33:40.622634,1.28,False,0,0,0,0,0,unknown,manual_input
2025-10-17T14:33:40.622634,1.47,False,0,0,0,0,0,unknown,manual_input
2025-10-17T14:33:40.622634,2.0,False,0,0,0,0,0,unknown,manual_input
2025-10-17T14:33:40.622634,3.51,False,0,0,0,0,0,unknown,manual_input
2025-10-17T14:33:40.622634,2.04,False,0,0,0,0,0,unknown,manual_input
2025-10-17T14:33:40.622634,1.2,False,0,0,0,0,0,unknown,manual_input
2025-10-17T14:33:40.622634,1.71,False,0,0,0,0,0,unknown,manual_input
2025-10-17T14:33:40.622634,9.8,False,0,0,0,0,0,unknown,manual_input
2025-10-17T14:33:40.622634,1.0,False,0,0,0,0,0,unknown,manual_input
2025-10-17T14:33:40.622634,1.12,False,0,0,0,0,0,unknown,manual_input
2025-10-17T14:33:40.622634,2.4,False,0,0,0,0,0,unknown,manual_input
2025-10-17T14:33:40.622634,6.35,False,0,0,0,0,0,unknown,manual_input
2025-10-17T14:33:40.622634,30.12,False,0,0,0,0,0,unknown,manual_input
2025-10-17T14:33:40.622634,4.7,False,0,0,0,0,0,unknown,manual_input
2025-10-17T14:33:40.622634,1.3,False,0,0,0,0,0,unknown,manual_input
2025-10-17T14:33:40.622634,5.52,False,0,0,0,0,0,unknown,manual_input
2025-10-17T14:33:40.622634,1.1,False,0,0,0,0,0,unknown,manual_input
2025-10-17T14:33:40.622634,10.18,False,0,0,0,0,0,unknown,manual_input
2025-10-17T14:33:40.622634,2.99,False,0,0,0,0,0,unknown,manual_input
2025-10-17T14:33:40.622634,3.82,False,0,0,0,0,0,unknown,manual_input
2025-10-17T14:33:40.622634,3.37,False,0,0,0,0,0,unknown,manual_input
2025-10-17T14:33:40.622634,1.02,False,0,0,0,0,0,unknown,manual_input
2025-10-17T14:33:40.622634,1.86,False,0,0,0,0,0,unknown,manual_input
2025-10-17T14:33:40.622634,1.96,False,0,0,0,0,0,unknown,manual_input
2025-10-17T14:33:40.622634,3.7,False,0,0,0,0,0,unknown,manual_input
2025-10-17T14:33:40.622634,1.03,False,0,0,0,0,0,unknown,manual_input
2025-10-17T14:33:40.622634,1.07,False,0,0,0,0,0,unknown,manual_input
2025-10-17T14:33:40.622634,3.56,False,0,0,0,0,0,unknown,manual_input
2025-10-17T14:33:40.622634,1.37,False,0,0,0,0,0,unknown,manual_input
2025-10-17T14:33:40.622634,3.04,False,0,0,0,0,0,unknown,manual_input
2025-10-17T14:33:40.622634,2.87,False,0,0,0,0,0,unknown,manual_input
2025-10-17T14:33:40.622634,1.75,False,0,0,0,0,0,unknown,manual_input
2025-10-17T14:33:40.622634,2.76,False,0,0,0,0,0,unknown,manual_input
2025-10-17T14:33:40.622634,1.93,False,0,0,0,0,0,unknown,manual_input
2025-10-17T14:33:40.622634,1.52,False,0,0,0,0,0,unknown,manual_input
2025-10-17T14:33:40.622634,4.1,False,0,0,0,0,0,unknown,manual_input
2025-10-17T14:33:40.622634,1.0,False,0,0,0,0,0,unknown,manual_input
2025-10-17T14:33:40.622634,1.3,False,0,0,0,0,0,unknown,manual_input
2025-10-17T14:33:40.622634,1.5,False,0,0,0,0,0,unknown,manual_input
2025-10-17T14:33:40.622634,1.63,False,0,0,0,0,0,unknown,manual_input
2025-10-17T14:33:40.622634,1.11,False,0,0,0,0,0,unknown,manual_input
2025-10-17T14:33:40.622634,1.22,False,0,0,0,0,0,unknown,manual_input
2025-10-17T14:33:40.622634,11.9,False,0,0,0,0,0,unknown,manual_input
2025-10-17T14:33:40.622634,1.0,False,0,0,0,0,0,unknown,manual_input
2025-10-17T14:33:40.622634,1.11,False,0,0,0,0,0,unknown,manual_input
2025-10-17T14:33:40.622634,1.13,False,0,0,0,0,0,unknown,manual_input
2025-10-17T14:33:40.622634,1.29,False,0,0,0,0,0,unknown,manual_input
2025-10-17T14:33:40.622634,1.04,False,0,0,0,0,0,unknown,manual_input
2025-10-17T14:33:40.622634,5.7,False,0,0,0,0,0,unknown,manual_input
2025-10-17T14:33:40.622634,1.94,False,0,0,0,0,0,unknown,manual_input
2025-10-17T14:33:40.622634,3.44,False,0,0,0,0,0,unknown,manual_input
2025-10-17T14:33:40.622634,1.27,False,0,0,0,0,0,unknown,manual_input
2025-10-17T14:33:40.622634,2.95,False,0,0,0,0,0,unknown,manual_input
2025-10-17T14:33:40.622634,9.13,False,0,0,0,0,0,unknown,manual_input
2025-10-17T14:33:40.622634,3.5,False,0,0,0,0,0,unknown,manual_input
2025-10-17T14:33:40.622634,3.46,False,0,0,0,0,0,unknown,manual_input
2025-10-17T14:33:40.622634,1.0,False,0,0,0,0,0,unknown,manual_input
2025-10-17T14:33:40.622634,4.51,False,0,0,0,0,0,unknown,manual_input
2025-10-17T14:33:40.622634,1.89,False,0,0,0,0,0,unknown,manual_input
2025-10-17T14:33:40.622634,1.97,False,0,0,0,0,0,unknown,manual_input
2025-10-17T14:33:40.622634,2.79,False,0,0,0,0,0,unknown,manual_input
2025-10-17T14:33:40.622634,9.91,False,0,0,0,0,0,unknown,manual_input
2025-10-17T14:33:40.622634,1.05,False,0,0,0,0,0,unknown,manual_input
2025-10-17T14:33:40.622634,1.0,False,0,0,0,0,0,unknown,manual_input
2025-10-17T14:33:40.622634,1.15,False,0,0,0,0,0,unknown,manual_input
2025-10-17T14:33:40.622634,1.01,False,0,0,0,0,0,unknown,manual_input
2025-10-17T14:33:40.622634,2.21,False,0,0,0,0,0,unknown,manual_input
2025-10-17T14:33:40.622634,1.1,False,0,0,0,0,0,unknown,manual_input
2025-10-17T14:33:40.622634,1.0,False,0,0,0,0,0,unknown,manual_input
2025-10-17T14:33:40.622634,1.86,False,0,0,0,0,0,unknown,manual_input
2025-10-17T14:33:40.622634,5.52,False,0,0,0,0,0,unknown,manual_input
2025-10-17T14:33:40.622634,3.09,False,0,0,0,0,0,unknown,manual_input
2025-10-17T14:33:40.622634,1.49,False,0,0,0,0,0,unknown,manual_input
2025-10-17T14:33:40.622634,5.29,False,0,0,0,0,0,unknown,manual_input
2025-10-17T14:33:40.622634,3.1,False,0,0,0,0,0,unknown,manual_input
2025-10-17T14:33:40.622634,1.71,False,0,0,0,0,0,unknown,manual_input
2025-10-17T14:33:40.622634,10.59,False,0,0,0,0,0,unknown,manual_input
